last_name_first_name,player_id,year,p_formatted_ip,pa,strikeout,k_percent,bb_percent,p_era,barrel_batted_rate,hard_hit_percent,whiff_percent,swing_percent
"Gallegos, Giovanny",606149,2021,80.1,310,95,30.6,6.5,3.02,10.1,38.6,34.6,51.5
"Bieber, Shane",669456,2022,200,791,198,25,4.6,2.88,7.2,43.1,29.7,49.7
"Lynn, Lance",458681,2019,208.1,875,246,28.1,6.7,3.67,6.5,33.8,28.5,49
"Mikolas, Miles",571945,2022,202.1,805,153,19,4.8,3.29,7,36,18.7,48.9
"Stroman, Marcus",573186,2022,138.2,569,119,20.9,6.3,3.5,6.6,40.7,22.4,45.9
"Pivetta, Nick",601713,2021,155,661,175,26.5,9.8,4.53,8.2,40.4,24.6,48.1
"Houser, Adrian",605288,2025,125,518,92,17.8,7.3,3.31,6.1,47.6,18.1,49.6
"Anderson, Chase",502624,2019,139,592,124,20.9,8.4,4.21,7.3,32.9,23.5,49.8
"Yarbrough, Ryan",642232,2023,89.2,376,67,17.8,3.5,4.52,6.6,29.2,22.8,51.5
"Keller, Mitch",656605,2025,176.1,749,150,20,6.8,4.19,7.8,43.8,20.6,48.5
"Keuchel, Dallas",572971,2021,162,720,95,13.2,8.2,5.28,9,39.8,21.1,44.2
"Cannon, Jonathan",686563,2025,103.2,466,86,18.5,8.2,5.82,10.8,45.4,21.4,48.4
"Castillo, Luis",622491,2024,175.1,719,175,24.3,6.5,3.64,8.5,41.9,25.9,50.6
"Berríos, José",621244,2022,172,753,149,19.8,6,5.23,9.6,43.8,21.3,48.6
"Smyly, Drew",592767,2019,114,514,120,23.3,10.7,6.24,10.5,38.6,25.9,44.5
"Sears, JP",676664,2024,180.2,758,137,18.1,6.5,4.38,10.2,40.2,21.8,48.7
"Cashner, Andrew",488768,2019,150,636,108,17,9.1,4.68,8.3,41,22.5,45.3
"Kremer, Dean",665152,2024,129.2,553,123,22.2,9.2,4.1,9.9,35.4,23.3,46.2
"Cortes, Nestor",641482,2021,93,374,103,27.5,6.7,2.9,7.4,36.1,23.6,48.3
"Keuchel, Dallas",572971,2019,112.2,487,91,18.7,8,3.75,8,38.5,21.4,45.7
"Rodriguez, Eduardo",593958,2023,152.2,621,143,23,7.7,3.3,7.8,38.5,23.8,47.8
"Alexander, Tyler",641302,2021,106.1,451,87,19.3,6.2,3.81,8.4,39.2,20,50
"Spiers, Carson",686730,2024,90.2,410,80,19.5,6.6,5.46,10.4,38.9,21.4,48
"Cease, Dylan",656302,2022,184,747,227,30.4,10.4,2.2,6.2,31.2,33.3,47.3
"Peralta, Freddy",642547,2019,85,382,115,30.1,9.7,5.29,10.7,38.6,29.3,49.3
"Font, Wilmer",521655,2019,84.1,357,95,26.6,8.4,4.48,10.9,38.4,27.6,48.7
"Crochet, Garrett",676979,2024,146,595,209,35.1,5.5,3.58,9.2,38.8,33.1,53.2
"Wood, Alex",622072,2021,138.2,585,152,26,6.7,3.83,5.3,40.5,27.6,47.5
"Bradley, Taj",671737,2025,142.2,605,127,21,9.3,5.05,7.4,39.9,23.6,48.3
"Heaney, Andrew",571760,2024,160,693,159,22.9,5.9,4.28,8.4,40.1,26.3,50.3
"Cobb, Alex",502171,2021,93.1,393,98,24.9,8.4,3.76,4.3,37.5,26.5,44.7
"Anderson, Chase",502624,2023,86.1,372,64,17.2,8.9,5.42,8.2,31.7,21.6,46.2
"Luzardo, Jesús",666200,2021,95.1,437,98,22.4,11,6.61,10.1,39,29.9,47
"Avila, Pedro",658648,2024,82.2,353,82,23.2,10.2,3.81,5.2,41.6,25,46.4
"Germán, Domingo",593334,2023,108.2,444,114,25.7,7.7,4.56,9.7,41.4,30.3,50.9
"Alzolay, Adbert",640470,2021,125.2,519,128,24.7,6.6,4.58,9.9,38.1,27.2,49.3
"Woods Richardson, Simeon",680573,2025,111.1,471,107,22.7,9.8,4.04,11.4,41.6,24.1,48
"Flaherty, Jack",656427,2025,161,681,188,27.6,8.7,4.64,10.3,43.8,27.3,45.6
"Montgomery, Jordan",656756,2022,178.1,724,158,21.8,5,3.48,7.1,37.5,27.5,50.6
"Boyd, Matthew",571510,2025,179.2,718,154,21.4,5.8,3.21,9,38,23.1,51.5
"Bradford, Cody",674003,2024,76.1,308,70,22.7,4.2,3.54,8.9,34.8,23.6,49.1
"McKenzie, Triston",663474,2022,191.1,741,190,25.6,5.9,2.96,9.8,40.6,26.8,52.7
"Steele, Justin",657006,2024,134.2,555,135,24.3,6.7,3.07,4.2,33.2,23.7,51.5
"Kim, Kwang Hyun",547942,2021,106.2,452,80,17.7,8.6,3.46,7,35.9,22,44.1
"Skubal, Tarik",669373,2025,195.1,748,241,32.2,4.4,2.21,8.1,33,32.5,54.8
"Casparius, Ben",676508,2025,77.2,333,71,21.3,6.3,4.64,7.1,31.9,27.6,49.7
"Keller, Mitch",656605,2021,100.2,470,92,19.6,10.4,6.17,6.8,47.5,20.7,46.1
"Corbin, Patrick",571578,2023,180,790,124,15.7,7.2,5.2,9.3,44,21.4,45.7
"Hendricks, Kyle",543294,2020,81.1,315,64,20.3,2.5,2.88,4.6,32,24.9,49.8
"Wheeler, Zack",554430,2021,213.1,849,247,29.1,5.4,2.78,4.6,28.5,26.8,51.9
"Guerra, Junior",448855,2019,83.2,344,77,22.4,10.5,3.55,7,29.4,26.1,46.8
"Williams, Gavin",668909,2024,76,332,79,23.8,9.6,4.86,6.9,44,24.8,49.2
"Rodríguez, Dereck",605446,2019,99,439,71,16.2,8.2,5.64,7.5,36.2,21,45.7
"Means, John",607644,2019,155,637,121,19,6,3.6,7.3,30.7,22.1,48
"Henry, Tommy",674072,2023,89,381,64,16.8,9.2,4.15,7.6,32.4,22.3,48.7
"Civale, Aaron",650644,2021,124.1,498,99,19.9,6.2,3.84,8.2,39.3,21.4,47.4
"Davies, Zach",605200,2019,159.2,672,102,15.2,7.6,3.55,7.9,33.3,17.3,43.7
"Rea, Colin",607067,2024,167.2,714,135,18.9,6,4.29,8.8,42,19.3,46.8
"Fedde, Erick",607200,2021,133.1,590,128,21.7,8.1,5.47,9.3,40.6,22.1,44.9
"Yamamoto, Yoshinobu",808967,2024,90,368,105,28.5,6,3,8.4,41.3,27,48.3
"Syndergaard, Noah",592789,2019,197.2,824,202,24.5,5.9,4.28,5.4,31.2,26.9,50.8
"Flaherty, Jack",656427,2024,162,649,194,29.9,5.9,3.17,8,35.9,32.1,46.2
"Espino, Paolo",502179,2021,109.2,455,92,20.2,5.5,4.27,11.6,43.3,20.3,46.1
"Irvin, Cole",608344,2021,178.1,768,125,16.3,5.5,4.24,7.3,39.3,19.5,52
"Soroka, Michael",647336,2019,174.2,701,142,20.3,5.8,2.68,5.6,37.5,22.9,48.8
"Kikuchi, Yusei",579328,2022,100.2,454,124,27.3,12.8,5.19,14.9,47.9,31,47.5
"Sparkman, Glenn",642098,2019,136,606,81,13.4,6.8,6.02,8.3,41.8,17.1,47.9
"López, Pablo",641154,2021,102.2,418,115,27.5,6.2,3.07,7.4,33.3,25.7,50.8
"Latz, Jacob",656641,2025,85.2,348,76,21.8,10.6,2.84,6.4,42.6,29.4,49.2
"Kershaw, Clayton",477132,2019,178.1,706,189,26.8,5.8,3.03,7.8,34.1,27.7,51.3
"Lyles, Jordan",543475,2019,141,599,146,24.4,9.2,4.15,9.2,41.3,24,47.4
"Toussaint, Touki",657053,2023,87,384,85,22.1,14.8,4.97,7.7,39.6,25.2,40.1
"Akin, Keegan",669211,2022,81.2,329,77,23.4,6.1,3.2,6.6,37.4,26,53
"Odorizzi, Jake",543606,2019,159,658,178,27.1,8.1,3.51,8.5,36.2,27.7,49.2
"Hjelle, Sean",663546,2024,80.2,337,75,22.3,4.2,3.9,5.3,37.4,21.4,45.2
"Cole, Gerrit",543037,2023,209,821,222,27,5.8,2.63,7.6,39.2,26.2,50.1
"Severino, Luis",622663,2022,102,405,112,27.7,7.4,3.18,7,41.6,27.8,49.2
"Bradley, Taj",671737,2024,138,578,154,26.6,8.1,4.11,10.2,42.9,27.4,50.7
"Gausman, Kevin",592332,2019,102.1,451,114,25.3,7.1,5.72,8.9,36.5,30.2,53.1
"Gray, Jon",592351,2024,102.2,439,86,19.6,6.4,4.47,8.7,42.2,23.8,51.6
"Senzatela, Antonio",622608,2021,156.2,670,105,15.7,4.8,4.42,5.9,42.7,19.7,48.1
"Glasnow, Tyler",607192,2023,120,485,162,33.4,7.6,3.53,11.7,44.6,35.4,48.6
"DeSclafani, Anthony",543101,2019,166.2,696,167,24,7,3.89,8,38.7,23.6,48.1
"Allen, Logan",671106,2024,97.1,432,79,18.3,9.5,5.73,11.4,46.4,21.2,45
"Lugo, Seth",607625,2024,206.2,836,181,21.7,5.7,3,8,39,22.5,46.7
"Burnes, Corbin",669203,2024,194.1,784,181,23.1,6.1,2.92,6.7,31.6,28.6,48.8
"Greene, Hunter",668881,2025,107.2,420,132,31.4,6.2,2.76,9.7,45,31.4,53.4
"Brubaker, JT",664141,2022,144,646,147,22.8,8.4,4.69,7.6,41.3,27.6,46.4
"Priester, Quinn",682990,2025,157.1,653,132,20.2,7.7,3.32,7.4,39.4,24.5,46.2
"Lodolo, Nick",666157,2025,156.2,642,156,24.3,4.8,3.33,8.2,40.5,27.5,50
"Liberatore, Matthew",669461,2024,86,358,76,21.2,7.8,4.4,7.2,38.6,25.1,52.1
"Houser, Adrian",605288,2023,111.1,481,96,20,7.1,4.12,7.1,46.3,18.7,45.2
"Giolito, Lucas",608337,2022,161.2,698,177,25.4,8.7,4.9,7.5,39,28.5,47.4
"Woodruff, Brandon",605540,2021,179.1,708,211,29.8,6.1,2.56,5.8,32.7,28.2,51.1
"Lively, Ben",594902,2023,88.2,383,79,20.6,6.5,5.38,8.4,36.2,20.7,45.4
"Verlander, Justin",434378,2022,175,666,185,27.8,4.4,1.75,6.3,34.8,24.2,53.7
"Leiter, Jack",683004,2025,151.2,646,148,22.9,10.4,3.86,10.8,43.9,24.3,47.8
"Stratton, Chris",608717,2019,76,344,69,20.1,9.6,5.57,6,34.7,24.2,48
"Maeda, Kenta",628317,2019,153.2,624,169,27.1,8.2,4.04,6,28.7,32.4,48.9
"Richards, Trevor",670950,2019,135.1,580,127,21.9,9.7,4.06,6.9,34.7,26.3,49
"Gallen, Zac",668678,2023,210,846,220,26,5.6,3.47,9.2,46.2,26.4,47.2
"Williams, Trevor",592866,2019,145.2,636,113,17.8,6.9,5.38,9.2,35.6,22.2,50.3
"Curry, Xzavion",675540,2023,95,404,67,16.6,7.4,4.07,7.5,45.2,20.8,48.9
"Sánchez, Cristopher",650911,2023,99.1,396,96,24.2,4,3.44,8.2,40.2,26.4,48.2
"Lambert, Peter",663567,2023,87.1,375,71,18.9,7.5,5.36,11.1,45.8,21.6,47.5
"Severino, Luis",622663,2023,89.1,417,79,18.9,8.2,6.65,10.4,45,20.8,51.5
"Lauer, Eric",641778,2025,104.2,426,102,23.9,6.1,3.18,8.1,41.9,23.7,48.7
"Musgrove, Joe",605397,2022,181,740,184,24.9,5.7,2.93,6,32.5,25.5,46.5
"Smith, Cade",671922,2024,75.1,289,103,35.6,5.9,1.91,8.4,42.8,30.2,49.9
"Dollander, Chase",801403,2025,98,441,82,18.6,11.1,6.52,11.5,40.5,22.9,47
"Bailey, Homer",456701,2019,163.1,696,149,21.4,7.6,4.57,6.2,39.5,24.3,48.5
"Stroman, Marcus",573186,2021,179,729,158,21.7,5.9,3.02,6.6,42,26.8,48.5
"Littell, Zack",641793,2023,90,379,74,19.5,3.2,4.1,8.4,41.9,21,53.4
"Kirby, George",669923,2023,190.2,757,172,22.7,2.5,3.35,7.5,40.9,22.9,54.5
"Senga, Kodai",673540,2023,166.1,694,202,29.1,11.1,2.98,6.9,40.6,29.7,45.2
"Nola, Aaron",605400,2024,199.1,820,197,24,6.1,3.57,7.2,38.2,25.2,48.6
"Civale, Aaron",650644,2023,122.1,504,116,23,6.5,3.46,6.6,36.4,22.7,46.9
"Freeland, Kyle",607536,2025,162.2,709,124,17.5,5.4,4.98,9.4,47.3,21,51.3
"Cabrera, Edward",665795,2024,96.1,417,107,25.7,11.8,4.95,8.6,45.7,28,45.5
"Holmes, Clay",605280,2025,165.2,708,129,18.2,9.3,3.53,6.8,42.3,22.1,44.8
"Pallante, Andre",669467,2025,162.2,715,111,15.5,8.7,5.31,6.6,39.9,22.3,45.9
"Kirby, George",669923,2024,191,778,179,23,3,3.53,8.1,36.3,24.1,53.4
"Skubal, Tarik",669373,2024,192,753,228,30.3,4.6,2.39,6.7,33.9,31.9,51.8
"Ragans, Cole",666142,2024,186.1,762,223,29.3,8.8,3.14,6.2,35.4,32,48.9
"Vásquez, Randy",681190,2024,98,431,62,14.4,6.7,4.87,8.7,39.6,18.9,49.7
"Castillo, Luis",622491,2023,197,802,219,27.3,7,3.34,9.4,41.8,30.6,52.1
"Muller, Kyle",666205,2023,77,372,56,15.1,10.5,7.6,10.9,49.6,21.2,48.4
"Ragans, Cole",666142,2023,96,392,113,28.8,10.5,3.47,6.4,36.9,31,49.4
"Assad, Javier",665871,2024,147,638,124,19.4,9.9,3.73,8.8,39.8,17.9,42.5
"Keller, Mitch",656605,2023,194.1,825,210,25.5,6.7,4.21,8.6,35.6,23.2,47.8
"Berríos, José",621244,2023,189.2,782,184,23.5,6.6,3.65,8.6,35.8,25.5,46.5
"Ryan, Joe",657746,2022,147,604,151,25,7.8,3.55,8.6,35.4,25.6,51
"Syndergaard, Noah",592789,2022,134.2,565,95,16.8,5.5,3.94,7.8,34,20.2,49.9
"Greene, Hunter",668881,2023,112,498,152,30.5,9.6,4.82,9,44.1,30.7,49.2
"Woo, Bryan",693433,2023,87.2,371,93,25.1,8.4,4.21,6.3,33.8,28.1,50.9
"Paddack, Chris",663978,2019,140.2,568,153,26.9,5.5,3.33,7.7,32.5,24.7,52.4
"Alcantara, Sandy",645261,2023,184.2,762,151,19.8,6.3,4.14,7,40.6,25.4,54.2
"Freeland, Kyle",607536,2023,155.2,677,94,13.9,6.2,5.03,8.7,43.5,17.2,51
"Wilson, Bryse",669060,2023,76.2,314,61,19.4,7,2.58,7,35.8,18.5,48.7
"Horton, Cade",690990,2025,118,476,97,20.4,6.9,2.67,10.1,41.3,25.8,48.6
"Cecconi, Slade",677944,2024,77,338,64,18.9,5,6.66,10.3,36.4,19.6,49
"Bibee, Tanner",676440,2023,142,585,141,24.1,7.7,2.98,6.1,38.1,26.3,47.2
"Yamamoto, Yoshinobu",808967,2025,173.2,684,201,29.4,8.6,2.49,5.7,39.7,28.9,46.7
"Suarez, José",660761,2022,109,462,103,22.3,7.1,3.96,8.4,38.2,24.6,51.1
"Manaea, Sean",640455,2021,179.1,754,194,25.7,5.4,3.91,8,41.2,27.1,51.5
"Warren, Will",701542,2025,162.1,711,171,24.1,9.1,4.44,10.9,45.3,24.6,42.8
"Kershaw, Clayton",477132,2022,126.1,493,137,27.8,4.7,2.28,4.3,33.2,29.1,50.8
"Sánchez, Cristopher",650911,2024,181.2,754,153,20.3,5.8,3.32,5.4,34.5,24.3,51.6
"Price, David",456034,2019,107.1,458,128,27.9,7,4.28,8.8,38.3,26,48
"Barria, Jaime",642545,2022,79.1,316,54,17.1,6,2.61,10,35.8,23.3,51.2
"Pivetta, Nick",601713,2023,142.2,587,183,31.2,8.5,4.04,11.8,43.8,29.6,48.9
"Bieber, Shane",669456,2020,77.1,297,122,41.1,7.1,1.63,7.4,43.1,40.7,46.7
"Wright, Kyle",657140,2022,180.1,738,174,23.6,7.2,3.19,6.8,41.1,26.5,48.8
"Nola, Aaron",605400,2021,180.2,749,223,29.8,5.2,4.63,7.1,37.4,27.9,49.2
"Stroman, Marcus",573186,2024,154.2,675,113,16.7,8.9,4.31,6.8,40.2,20.4,43.9
"Gibson, Kyle",502043,2019,160,706,160,22.7,7.9,4.84,8.1,37.8,29.3,46.6
"Hill, Rich",448179,2022,124.1,526,109,20.7,7,4.27,8.3,34,22,47.4
"Buehler, Walker",621111,2024,75.1,344,64,18.6,8.1,5.38,7,37.8,19.4,45.4
"Bird, Jake",656234,2023,89.1,381,77,20.2,7.1,4.33,8.1,43.7,21.1,45.6
"McClanahan, Shane",663556,2022,166.1,640,194,30.3,5.8,2.54,6.4,32.6,34.3,49.5
"Sugano, Tomoyuki",608372,2025,157,675,106,15.7,5.3,4.64,11.8,39.8,18.5,47
"Darvish, Yu",506433,2024,81.2,331,78,23.6,6.6,3.31,7.5,39.9,25.6,51.5
"López, Pablo",641154,2022,180,736,174,23.6,7.2,3.75,9,35.1,28.2,49.6
"Gore, MacKenzie",669022,2024,166.1,731,181,24.8,8.9,3.9,6.8,38.1,28.6,50.4
"Fedde, Erick",607200,2024,177.1,726,154,21.2,7.2,3.3,7.6,37.7,21.6,45.5
"Peralta, Freddy",642547,2025,176.2,723,204,28.2,9.1,2.7,9.3,34.5,30.1,46.9
"Gausman, Kevin",592332,2025,193,775,189,24.4,6.5,3.59,8.5,41.4,26.4,51.6
"Norris, Daniel",596057,2019,144.1,610,125,20.5,6.2,4.49,9.5,43.3,23.1,47.6
"Otto Jr., Glenn",657248,2022,135.2,587,107,18.2,10.6,4.64,9,38.1,23.1,45.2
"Ynoa, Huascar",660623,2021,91,372,100,26.9,6.7,4.05,9.1,43.6,28.8,47.6
"Cortes, Nestor",641482,2022,158.1,615,163,26.5,6.2,2.44,5.3,34.7,24.5,50.5
"Crawford, Kutter",676710,2023,129.1,527,135,25.6,6.8,4.04,7.7,35.3,26.8,52.4
"Holton, Tyler",663947,2025,78.2,312,64,20.5,5.4,3.66,8.2,37.7,24.6,47.6
"Márquez, Germán",608566,2021,180,756,176,23.3,8.5,4.4,5.3,39.3,27.2,47.8
"Ryan, Joe",657746,2024,135,538,147,27.3,4.3,3.6,8.6,36.6,26.6,50.9
"Singer, Brady",663903,2025,169.2,716,163,22.8,8.4,4.03,9.4,40.7,24,44.4
"Woodruff, Brandon",605540,2019,121.2,493,143,29,6.1,3.62,4.4,30.2,25.5,51.3
"Gibson, Kyle",502043,2021,182,754,155,20.6,8.5,3.71,4.9,39.1,25.2,44.8
"Herget, Jimmy",623474,2025,83.1,347,81,23.3,7.5,2.48,7.3,39.1,26.9,46.6
"Matz, Steven",571927,2019,160.1,691,153,22.1,7.5,4.21,9.3,38.6,22.9,46.6
"Luzardo, Jesús",666200,2023,178.2,741,208,28.1,7.4,3.58,9.6,40,31.4,48.6
"Brown, Hunter",686613,2024,170,712,179,25.1,8.4,3.49,4.5,30.3,25.1,46.3
"López, Pablo",641154,2023,194,801,234,29.2,6,3.66,6.3,34.8,30.3,51.7
"Pérez, Martín",527048,2019,165.1,737,135,18.3,9.1,5.12,5.7,29.7,21.7,49
"Pivetta, Nick",601713,2024,145.2,595,172,28.9,6.1,4.14,10.2,38.9,25.6,50.3
"Gray, Sonny",543243,2023,184,754,183,24.3,7.3,2.79,6.9,39.2,26.1,47.7
"France, J.P.",641585,2023,136.1,581,101,17.4,8.1,3.83,8.1,38.7,21.9,44.9
"Eovaldi, Nathan",543135,2023,144,577,132,22.9,8.1,3.63,7.9,43.1,26.4,47.8
"Fried, Max",608331,2019,165.2,702,173,24.6,6.7,4.02,4.8,39.1,26,47.4
"Eovaldi, Nathan",543135,2024,170.2,696,166,23.9,6,3.8,7.7,42.6,26.8,52.2
"Canning, Griffin",656288,2023,127,536,139,25.9,6.7,4.32,10.3,44.2,29.1,48.4
"Paxton, James",572020,2023,96,411,101,24.6,8,4.5,9.2,39.9,27.6,50
"Clevinger, Mike",605182,2023,131.1,549,110,20,7.3,3.77,7.2,35.9,23.2,49.1
"Peterson, David",656849,2025,168.2,723,150,20.7,9,4.22,6.4,46,24,46.8
"Kershaw, Clayton",477132,2021,121.2,488,144,29.5,4.3,3.55,6.9,37.3,34.7,50.7
"Ramírez, Erasmo",541640,2022,86.1,347,61,17.6,4,2.92,4.9,36.1,21.4,51.6
"Mikolas, Miles",571945,2023,201.1,860,137,15.9,4.5,4.78,9.8,43,16.7,49.7
"Abbott, Andrew",671096,2024,138,586,114,19.5,8.9,3.72,9.4,33.5,22.6,47.6
"deGrom, Jacob",594798,2021,92,324,146,45.1,3.4,1.08,6.6,36.7,41.7,55.7
"Buehler, Walker",621111,2019,182.1,737,215,29.2,5,3.26,5.9,36.4,26.8,50.3
"Gonsolin, Tony",664062,2023,103,435,82,18.9,9.2,4.98,11.4,41.8,21.5,49.4
"Quantrill, Cal",615698,2023,99.2,444,58,13.1,7.9,5.24,8.5,39.2,18.9,47
"Gausman, Kevin",592332,2022,174.2,725,205,28.3,3.9,3.35,8.1,38.5,29.4,55.9
"Stripling, Ross",548389,2021,101.1,431,94,21.8,7,4.8,10.3,40.3,24.1,47.3
"Zimmermann, Jordan",519455,2019,112,504,82,16.3,5,6.91,10.5,38.4,20.3,46.8
"Paxton, James",572020,2024,100.1,437,73,16.7,11.4,4.4,8,43.1,21.1,47.2
"Gibson, Kyle",502043,2024,169.2,722,151,20.9,9.4,4.24,9.3,39.1,25.9,42.9
"Montgomery, Jordan",656756,2023,188.2,777,166,21.4,6.2,3.2,7.5,37.9,26,47.6
"Lynch IV, Daniel",663738,2022,131.2,600,122,20.3,8.7,5.13,8.8,47.7,25.4,49.9
"Anderson, Ian",666120,2021,128.1,535,124,23.2,9.9,3.58,9.6,38.7,28.6,46.1
"Urías, Julio",628711,2021,185.2,745,195,26.2,5.1,2.96,5.4,30.3,24.3,51.3
"Mills, Alec",621219,2021,119,517,87,16.8,6.6,5.07,4.9,39.3,18.7,46
"Rogers, Trevor",669432,2024,124.1,562,97,17.3,10,4.92,8.4,44.4,20.9,46.2
"Gausman, Kevin",592332,2024,181,756,162,21.4,7.4,3.83,9.9,42.4,23.4,49.9
"Alexander, Jason",669920,2025,77.1,336,65,19.3,7.7,4.77,8.3,45.9,24.6,43.8
"May, Dustin",669160,2025,132.1,584,123,21.1,9.6,4.96,9.2,44.5,20,45.3
"Corbin, Patrick",571578,2019,202,835,238,28.5,8.4,3.25,10.4,38.7,31.7,47.4
"Woo, Bryan",693433,2024,121.1,472,101,21.4,2.8,2.89,4.8,35.2,23.6,53.3
"Bundy, Dylan",605164,2019,161.2,700,162,23.1,8.3,4.79,6.4,31.9,28.1,49
"Hutchison, Drew",571800,2022,105.1,464,68,14.7,9.1,4.53,8.8,40.9,20,47.7
"McClanahan, Shane",663556,2023,115,469,121,25.8,8.7,3.29,9.8,42.3,33.5,51.2
"Lord, Brad",695418,2025,130.2,546,108,19.8,7.9,4.34,7.1,41.8,21.3,50
"Teheran, Julio",527054,2019,174.2,754,162,21.5,11,3.81,7.6,35.4,22.2,45.3
"Holton, Tyler",663947,2024,94.1,354,77,21.8,4.8,2.19,5.5,32.8,24.5,48.2
"Singer, Brady",663903,2023,159.2,702,133,18.9,7,5.52,7.9,48.6,22.7,45.6
"Snell, Blake",605483,2023,180,742,234,31.5,13.3,2.25,7.5,33.8,37.3,42.9
"Smith, Caleb",592761,2019,153.1,646,168,26,9.3,4.52,12.3,35.9,27.8,49.7
"Wainwright, Adam",425794,2023,101,484,55,11.4,8.5,7.4,11.1,38.8,13.1,41.3
"Chavez, Jesse",445926,2019,78,337,72,21.4,6.5,4.85,9.3,34.5,18.5,43.1
"Canning, Griffin",656288,2024,171.2,739,130,17.6,8.9,5.19,8.6,41.9,24.5,48.4
"Crowe, Wil",640444,2021,116.2,524,111,21.2,10.9,5.48,9.5,37.1,25.5,44.7
"Jax, Griffin",643377,2021,82,360,65,18.1,8.1,6.37,12.6,43.7,21.4,48.3
"Montas, Frankie",593423,2022,144.1,608,142,23.4,7.1,4.05,8,34.2,27.6,51.3
"Leake, Mike",502190,2019,197,835,127,15.2,3.2,4.29,9.7,42.9,18,50.4
"Rea, Colin",607067,2025,159.1,662,127,19.2,6.6,3.95,10.3,41,22,47.6
"Bumgarner, Madison",518516,2019,207.2,844,203,24.1,5.1,3.9,9.9,41.8,24.6,50.7
"Blackburn, Paul",621112,2024,75.1,316,59,18.7,6.6,4.66,8.2,35.6,23.5,47.8
"Carrasco, Carlos",471911,2024,103.2,447,89,19.9,7.4,5.64,8.2,38.8,22.7,48.7
"Blackburn, Paul",621112,2022,111.1,467,89,19.1,6.4,4.28,7,40.5,23.6,44.5
"Sears, JP",676664,2025,135.2,583,117,20.1,6.2,5.04,9.4,39.4,21.6,47.3
"deGrom, Jacob",594798,2019,204,804,255,31.7,5.5,2.43,5.6,30.8,31.4,53.4
"Lodolo, Nick",666157,2024,115.1,493,122,24.7,7.5,4.76,8.2,38,28.1,46.4
"Kershaw, Clayton",477132,2023,131.2,523,137,26.2,7.6,2.46,9,39.1,28.1,49.6
"Bumgarner, Madison",518516,2021,146.1,613,124,20.2,6.4,4.67,7.6,38.5,21.7,49
"Sánchez, Cristopher",650911,2025,202,807,212,26.3,5.5,2.5,5.7,39.8,30.4,49.5
"Bido, Osvaldo",674370,2025,79.2,363,68,18.7,9.6,5.87,11.9,40.9,25,49.5
"Lester, Jon",452657,2021,141.1,627,91,14.5,8.8,4.71,7.7,37.2,20.1,46.4
"Musgrove, Joe",605397,2024,99.2,410,101,24.6,5.6,3.88,10.6,40.6,28.3,47.4
"Strahm, Matt",621381,2023,87.2,351,108,30.8,6,3.29,8.2,42,28,50.4
"Suarez, Ranger",624133,2024,150.2,626,145,23.2,6.5,3.46,5.1,34.3,21.9,47.3
"Miley, Wade",489119,2021,163,690,125,18.1,7.2,3.37,6.1,34.2,23.9,47.5
"Manning, Matt",666159,2021,85.1,385,57,14.8,8.6,5.8,7.9,42.3,16.9,47.4
"Arrieta, Jake",453562,2019,135.2,594,110,18.5,8.6,4.64,7.5,37.6,18.3,44
"Eovaldi, Nathan",543135,2025,130,496,129,26,4.2,1.73,7.4,38.5,27.7,50.7
"Peterson, David",656849,2024,121,510,101,19.8,9,2.9,7.3,42.7,25.6,47.8
"Ober, Bailey",641927,2024,178.2,709,191,26.9,6.1,3.98,8.3,34.3,29,52.4
"Sears, JP",676664,2023,172.1,735,161,21.9,7.2,4.54,11.1,38.4,24.8,51
"Spence, Mitch",687765,2025,84.2,375,66,17.6,6.9,5.1,11.9,42.8,25.7,50.8
"Wainwright, Adam",425794,2021,206.1,828,174,21,6,3.05,6.2,35.6,20.2,43.8
"Pfaadt, Brandon",694297,2025,176.2,767,147,19.2,4.8,5.25,10.9,45.8,22.1,49.2
"Lorenzen, Michael",547179,2025,141.2,606,127,21,6.4,4.64,8.8,39.2,23.4,48.1
"Kolek, Stephen",663568,2025,112.2,461,77,16.7,6.7,3.51,6.1,48,17.7,46.8
"Vasil, Mike",678024,2025,101,423,82,19.4,12.3,2.5,7.2,38.2,24,42.5
"Gusto, Ryan",687473,2025,101.2,453,97,21.4,7.9,5.67,9.5,45.7,23.4,49.1
"Lorenzen, Michael",547179,2022,97.2,411,85,20.7,10.7,4.24,6.8,37.1,25.2,47.6
"Cobb, Alex",502171,2023,151.1,646,131,20.3,5.7,3.87,7,43.4,21.7,44.9
"Buehler, Walker",621111,2025,126,564,92,16.3,10.6,4.93,9.5,37.8,19.2,44.6
"Maeda, Kenta",628317,2024,112.1,485,96,19.8,6.4,6.09,8.2,36.1,23.9,47.2
"Corbin, Patrick",571578,2024,174.2,764,139,18.2,7.1,5.62,8.3,46.7,22.4,48.2
"Nola, Aaron",605400,2025,94.1,404,97,24,6.9,6.01,9.1,43.3,25.2,46.9
"Alcantara, Sandy",645261,2026,75.1,292,48,16.4,6.8,4.66,5.4,36.8,22.2,51
"Smyly, Drew",592767,2023,142.1,626,141,22.5,8.9,5,7.3,33.6,27.1,46.6
"Harrison, Kyle",690986,2024,124.1,532,118,22.2,7.9,4.56,10.1,44.1,23.6,46.2
"Stammen, Craig",489334,2019,82,339,73,21.5,4.4,3.29,5.5,33.7,21.8,45.4
"Heaney, Andrew",571760,2019,95.1,409,118,28.9,7.3,4.91,11,39.4,31.2,48.6
"Archer, Chris",502042,2019,119.2,526,143,27.2,10.5,5.19,11.3,39.5,29.7,45.9
"Taillon, Jameson",592791,2021,144.1,603,140,23.2,7.3,4.3,8.3,40.4,26.5,50.8
"Detmers, Reid",672282,2023,148.2,644,168,26.1,9.3,4.48,6.2,41.4,27.1,48.8
"Sale, Chris",519242,2025,125.2,510,165,32.4,6.3,2.58,6.3,35.4,30.1,48.9
"Ryu, Hyun Jin",547943,2019,182.2,723,163,22.5,3.3,2.32,5.2,30.8,24.9,49.7
"Darvish, Yu",506433,2023,136.1,573,141,24.6,7.3,4.56,6.8,38.2,25.1,46.4
"Bassitt, Chris",605135,2024,171,758,168,22.2,9.2,4.16,7.5,37.1,21.7,45
"Bibee, Tanner",676440,2024,173.2,710,187,26.3,6.2,3.47,7,36.9,26.9,51
"Velasquez, Vince",592826,2021,94.1,417,101,24.2,11.8,6.3,12.2,43.5,27.4,47
"Ross, Joe",605452,2021,108,460,109,23.7,7.4,4.17,8.4,37.2,25.4,46.3
"Keller, Mitch",656605,2022,159,687,138,20.1,8.7,3.91,7.2,37.3,21.6,45.6
"Tanaka, Masahiro",547888,2019,182,759,149,19.6,5.3,4.45,6.7,37.9,23.2,50.4
"Webb, Logan",657277,2024,204.2,841,172,20.5,5.9,3.47,7,46.2,20.8,46.2
"Winckowski, Josh",670174,2023,84.1,367,82,22.3,8.4,2.88,6.4,41,26.2,49.4
"Medina, Luis",665622,2023,109.2,495,106,21.4,11.5,5.42,6.2,41,24.5,46.1
"Woo, Bryan",693433,2025,186.2,731,198,27.1,4.9,2.94,9.1,41.8,26.2,53.2
"Lyles, Jordan",543475,2021,180,769,146,19,7.3,5.15,9.1,41.6,23.5,48.2
"Wells, Tyler",669330,2022,103.2,423,76,18,6.6,4.25,7.9,39.1,25.1,50.6
"Akin, Keegan",669211,2021,95,427,82,19.2,9.4,6.63,9.6,42.9,21.7,49.3
"Garrett, Braxton",666129,2022,88,373,90,24.1,6.4,3.58,7.3,38.6,26.8,48.1
"Tomlin, Josh",458708,2019,79.1,320,51,15.9,2.2,3.74,7.1,33.6,19.8,51.2
"Paxton, James",572020,2019,150.2,633,186,29.4,8.7,3.82,8.3,38.5,30.8,49.9
"Garrett, Braxton",666129,2023,159.2,659,156,23.7,4.4,3.66,7.8,45.1,25.4,47.2
"Javier, Cristian",664299,2022,148.2,585,194,33.2,8.9,2.54,7.2,33.6,30.4,49.2
"Megill, Tylor",656731,2024,78,337,91,27,9.5,4.04,10.2,42.6,28.6,49
"Minor, Mike",501985,2021,158.2,669,149,22.3,6.1,5.05,9.3,35.9,24.4,48.7
"Civale, Aaron",650644,2022,97,407,98,24.1,5.4,4.92,7.5,40.4,24.3,46.9
"Foltynewicz, Mike",592314,2021,139,586,97,16.6,6.1,5.44,9.3,43,18.3,47.4
"Peralta, Freddy",642547,2024,173.2,725,200,27.6,9.4,3.68,8.7,36.9,31.1,46.9
"Mize, Casey",663554,2025,149,627,139,22.2,5.7,3.87,9.2,42.5,24.1,49.6
"Manaea, Sean",640455,2023,117.2,499,128,25.7,8.4,4.44,8.8,36.4,24.2,49.8
"Falter, Bailey",663559,2024,142.1,589,97,16.5,7.6,4.43,9,41.3,19.6,49.5
"Junis, Jakob",596001,2023,86,367,96,26.2,5.7,3.87,8.2,35.4,27.3,46.7
"Jurado, Ariel",642558,2019,122.1,541,81,15,6.7,5.81,10.8,43.1,18,46.2
"Vargas, Carlos",672841,2025,77,331,54,16.3,6.9,3.97,4.9,35.2,18.9,48.7
"López, Jorge",605347,2021,121.2,555,112,20.2,10.1,6.07,9.3,43.5,20.7,43.7
"Valdez, Framber",664285,2025,192,802,187,23.3,8.5,3.66,6.7,46.3,26.6,47.3
"Shaw, Bryan",543766,2021,77.1,334,71,21.3,11.4,3.49,7.2,38.4,25.8,48.3
"Castillo, Luis",622491,2025,180.2,745,162,21.7,6.2,3.54,10.4,46.4,24.6,51.6
"Pineda, Michael",501381,2019,146,600,140,23.3,4.7,4.01,8.1,37.4,25.6,52.6
"Canning, Griffin",656288,2019,90.1,384,96,25,7.8,4.58,8.2,32.4,32.3,45.3
"Valdez, Framber",664285,2022,201.1,827,194,23.5,8.1,2.82,5.8,41.6,25.8,47
"Irvin, Jake",663623,2025,180,787,124,15.8,7.9,5.7,12,47.1,18.2,46.8
"Matthews, Zebby",805673,2025,79.1,354,88,24.9,6.8,5.56,9.9,38.8,27.5,51.1
"Tonkin, Michael",543859,2024,79.1,340,85,25,8.8,3.63,7.4,35,23.7,47.2
"Ortiz, Luis",682847,2025,88.2,382,96,25.1,11,4.36,10.4,47.7,28.9,46.5
"Montero, Keider",672456,2024,98.1,412,77,18.7,7.5,4.76,7.6,37.9,21.5,48.3
"Godley, Zack",643327,2019,92,407,70,17.2,10.3,5.97,8.9,35.6,24.3,46.2
"Barria, Jaime",642545,2023,82.1,362,62,17.1,8.3,5.68,10.4,34,22.9,48.5
"Clevinger, Mike",605182,2019,126,499,169,33.9,7.4,2.71,6.2,34,35.3,45.7
"Williamson, Brandon",682227,2023,117,491,98,20,7.9,4.46,8.2,41.2,22.1,46.6
"Crismatt, Nabil",622503,2021,81.1,351,71,20.2,6.8,3.76,6.9,34.3,26,46.8
"Wheeler, Zack",554430,2023,192,787,212,26.9,5,3.61,5.1,36.4,28.6,51.3
"Corbin, Patrick",571578,2021,171.2,751,143,19,8,5.82,9.2,41.2,24.9,47.9
"Flexen, Chris",623167,2021,179.2,741,125,16.9,5.4,3.61,6.3,38.1,19.3,49.8
"Rodriguez, Grayson",680570,2023,122,515,129,25,8.2,4.35,7.3,43.7,26.3,50.4
"Martinez, Nick",607259,2025,165.2,683,116,17,6.1,4.45,7,34.5,19.9,47.1
"Vargas, Jason",450306,2019,149.2,649,124,19.1,9.7,4.51,8.8,33.8,24.2,43.6
"Suarez, José",660761,2021,98.1,413,85,20.6,8.7,3.75,6.6,35.1,25.8,47
"McKenzie, Triston",663474,2021,120,495,136,27.5,11.7,4.95,9.7,42.3,27.9,48.4
"López, Pablo",641154,2019,111.1,469,95,20.3,5.8,5.09,8.1,36.9,23.5,48.8
"Giolito, Lucas",608337,2021,178.2,719,201,28,7.1,3.53,6.7,34.2,32.2,50.5
"Cease, Dylan",656302,2023,177,784,214,27.3,10.1,4.58,6.2,41.6,31,46.3
"Burke, Brock",656271,2022,82.1,328,90,27.4,7.3,1.97,7.1,39.2,24.6,47.1
"Taillon, Jameson",592791,2023,154.1,655,140,21.4,6.3,4.84,10.7,38.4,22,49.1
"Martinez, Nick",607259,2023,110.1,461,106,23,8.7,3.43,7.1,29.9,28.6,46.9
"Chacín, Jhoulys",468504,2019,103.1,470,101,21.5,9.8,6.01,8.7,42.5,20.6,42.8
"Lively, Ben",594902,2024,151,632,118,18.7,7.8,3.81,6.6,41.5,18.6,46.6
"Wojciechowski, Asher",592879,2019,82.1,361,80,22.2,7.8,4.92,11.6,36.5,26.2,48.7
"Yarbrough, Ryan",642232,2022,80,355,61,17.2,6.2,4.5,7.4,31,22.2,50.3
"Montgomery, Jordan",656756,2021,157.1,661,162,24.5,7.7,3.83,7.4,36.5,29.2,50.4
"Alcantara, Sandy",645261,2019,197.1,838,151,18,9.7,3.88,7.1,34.3,23.8,49.6
"Duffy, Danny",518633,2019,130.2,555,115,20.7,8.3,4.34,8.1,37.8,24.1,47.6
"Happ, J.A.",457918,2019,161.1,678,140,20.6,7.2,4.91,8.9,37.5,23.7,48.1
"Thompson, Zach",605507,2022,121.2,543,90,16.6,8.5,5.18,6.2,39.5,24.1,47
"Povich, Cade",700249,2024,79.2,352,69,19.6,9.7,5.2,8.9,36.6,22.3,47.2
"Mahle, Tyler",641816,2021,180,759,210,27.7,8.4,3.75,6.5,34.3,28.4,45.2
"Feltner, Ryan",663372,2024,162.1,692,138,19.9,7.5,4.49,6.5,36.8,23.9,48.1
"Morton, Charlie",450203,2022,172,728,205,28.2,8.7,4.34,9.5,42.1,29.3,45.6
"Gray, Sonny",543243,2019,175.1,708,205,29,9.6,2.87,7.5,33.3,28.4,42.2
"Manaea, Sean",640455,2022,158,671,156,23.2,7.5,4.96,9.1,42.9,25.6,51.4
"Urías, Julio",628711,2022,175,689,166,24.1,6,2.16,6.8,30.4,23.9,51.8
"Gallen, Zac",668678,2021,121.1,523,139,26.6,9.4,4.3,7.9,43,23.6,44.3
"Hernández, Carlos",672578,2021,85.2,358,74,20.7,11.5,3.68,7.1,39.3,25.8,47.3
"Verlander, Justin",434378,2025,152,662,137,20.7,7.9,3.85,8.1,37,24.8,48.8
"Marsh, Alec",679525,2024,129,548,123,22.4,7.1,4.53,9.7,40.9,23.5,47.6
"Sandoval, Patrick",663776,2024,79.2,353,81,22.9,9.9,5.08,5.1,36.3,26.5,46.2
"Seabold, Connor",657756,2023,87.1,408,67,16.4,6.9,7.52,10.1,40.5,21.5,50.3
"Kikuchi, Yusei",579328,2019,161.2,721,116,16.1,6.9,5.46,8.5,39.1,19.9,47.7
"Walker, Taijuan",592836,2021,159,654,146,22.3,8.4,4.47,10.1,39.4,23.6,46.2
"Lorenzen, Michael",547179,2023,153,624,111,17.8,7.5,4.18,8,40.2,21.7,49.4
"Hendriks, Liam",521230,2019,85,332,124,37.3,6.3,1.8,6.4,39.6,36,51.5
"Flaherty, Jack",656427,2023,144.1,650,148,22.8,10.2,4.99,7.3,38.3,26.6,44
"Gray, Jon",592351,2023,157.1,656,142,21.6,8.2,4.12,6.4,39.5,26.4,50.8
"Manoah, Alek",666201,2021,111.2,459,127,27.7,8.7,3.22,5.8,31.2,29.8,48.1
"Gore, MacKenzie",669022,2025,159.2,679,185,27.2,9.3,4.17,10.6,44.1,29.7,49.4
"Brooks, Aaron",605156,2019,110,482,82,17,7.1,5.65,8.4,41.6,19.5,46
"Falter, Bailey",663559,2025,125.1,518,81,15.6,8.9,4.45,9.5,45.1,18.1,47
"Hess, David",605276,2019,80,365,68,18.6,8.2,7.09,14.1,49.8,19.3,49.2
"Taillon, Jameson",592791,2022,177.1,728,151,20.7,4.4,3.91,8.4,36.2,23.1,49.1
"Alcantara, Sandy",645261,2022,228.2,886,207,23.4,5.6,2.28,5.3,38.5,25.4,53.4
"Garcia, Luis",677651,2021,155.1,633,167,26.4,7.9,3.48,7.3,38.7,30.7,47.1
"Flexen, Chris",623167,2024,160,707,123,17.4,8.9,4.95,8.1,37.4,22.7,46
"Javier, Cristian",664299,2021,101.1,424,130,30.7,12.5,3.55,9.9,43.2,31.7,45.1
"Assad, Javier",665871,2023,109.1,449,94,20.9,9.1,3.05,9,41.2,20.8,42.9
"Pérez, Eury",691587,2023,91.1,374,108,28.9,8.3,3.15,10.8,40.3,33.7,49.9
"deGrom, Jacob",594798,2025,172.2,669,185,27.7,5.5,2.97,9.3,41.9,30.2,51.7
"Lugo, Seth",607625,2019,80,314,104,33.1,5.1,2.7,5.6,33.9,26.5,46.1
"Fujinami, Shintaro",660261,2023,79,357,83,23.2,12.6,7.18,7.7,44.6,30.1,45.4
"Ashcraft, Graham",668933,2024,77.1,350,57,16.3,7.7,5.24,7.8,42.7,22.1,49.3
"Bauer, Trevor",545333,2021,107.2,432,137,31.7,8.6,2.59,10.6,42.4,30.3,45.7
"Peterson, David",656849,2023,111,492,128,26,10.2,5.03,8.1,44.5,29.5,45.9
"Dunning, Dane",641540,2023,172.2,722,140,19.4,7.6,3.7,7.5,40.2,22.3,47
"Webb, Logan",657277,2023,216,850,194,22.8,3.6,3.25,7,46,20.8,47.4
"Ray, Robbie",592662,2019,174.1,747,235,31.5,11.2,4.34,11.9,38.6,32.7,45.4
"Rogers, Tyler",643511,2025,77.1,299,48,16.1,2.3,1.98,2.1,33.1,15.9,54.6
"Greene, Hunter",668881,2022,125.2,531,164,30.9,9,4.44,9.4,40.1,32,48.8
"Eovaldi, Nathan",543135,2022,109.1,460,103,22.4,4.3,3.87,10.7,45.2,25.2,52.4
"Green, Chad",643338,2021,83.2,315,99,31.4,5.4,3.12,11.1,43.7,32,52.7
"Yarbrough, Ryan",642232,2021,155,653,117,17.9,4.1,5.11,7.8,28.2,21.1,48.8
"Alexander, Tyler",641302,2024,107.2,455,90,19.8,5.3,5.1,9.8,37.2,20.1,50
"Wesneski, Hayden",669713,2023,89.1,379,83,21.9,8.4,4.63,12.4,38.1,22.7,44.6
"Senzatela, Antonio",622608,2019,124.2,582,76,13.1,9.8,6.71,6.4,44,17.7,45.1
"Wainwright, Adam",425794,2022,191.2,803,143,17.8,6.7,3.71,6.5,36.6,16.9,43.5
"Kershaw, Clayton",477132,2025,112.2,463,84,18.1,7.6,3.36,4.1,42.1,24.3,45.3
"LeBlanc, Wade",453281,2019,121.1,532,92,17.3,5.8,5.71,8.5,39,22.3,47.1
"Peacock, Matt",676840,2021,86.1,386,50,13,7.3,4.9,6.2,45.9,18,46.6
"Sandoval, Patrick",663776,2021,87,363,94,25.9,9.9,3.62,6.1,35.4,33.9,46.6
"Gaviglio, Sam",543208,2019,95.2,392,88,22.4,5.6,4.61,6.9,35.3,27.9,45.2
"Bergert, Ryan",686701,2025,76.1,323,73,22.6,10.8,3.66,7,36.4,23.9,46.9
"Baz, Shane",669358,2025,166.1,711,176,24.8,9,4.87,9.5,39.4,25.8,49.2
"Brubaker, JT",664141,2021,124.1,537,129,24,6.9,5.36,8.9,38.7,27.4,47.5
"Montas, Frankie",593423,2019,96,394,103,26.1,5.8,2.63,4,34.8,26,49.2
"Stroman, Marcus",573186,2023,136.2,575,119,20.7,9,3.95,5,41.4,22.4,45.1
"Blanco, Ronel",669854,2024,167.1,676,166,24.6,10.1,2.8,9.4,35.5,29,48.6
"Yarbrough, Ryan",642232,2019,141.2,563,117,20.8,3.6,4.13,7.5,26.2,22.4,49.6
"Stroman, Marcus",573186,2019,184.1,774,159,20.5,7.5,3.22,4.5,35.6,24.7,45.1
"Kuhl, Chad",641771,2021,80.1,349,75,21.5,12,4.82,7.2,37.2,27.1,41.6
"Greinke, Zack",425844,2019,208.2,810,187,23.1,3.7,2.93,7,33.3,24.1,46.7
"Manoah, Alek",666201,2023,87.1,415,79,19,14.2,5.87,9,44.8,21.8,45.4
"Junis, Jakob",596001,2022,112,478,98,20.5,5.2,4.42,7.4,38.2,21.5,45.7
"Dreyer, Jack",676263,2025,76.1,307,74,24.1,7.8,2.95,5.3,39.7,26.7,51.4
"Gutierrez, Vladimir",661269,2021,114,496,88,17.7,9.3,4.74,8.4,38.7,23.6,46.4
"Kluber, Corey",446372,2022,164,689,139,20.2,3,4.34,6.9,34.7,23.9,51.2
"Fried, Max",608331,2021,165.2,667,158,23.7,6.1,3.04,6.3,34.3,24.8,49
"Singer, Brady",663903,2024,179.2,762,170,22.3,7.1,3.71,8,41.7,25.1,44.7
"Suarez, Ranger",624133,2022,155.1,662,129,19.5,8.8,3.65,6.8,34.9,21.4,45.5
"Cannon, Jonathan",686563,2024,124.1,522,91,17.4,7.7,4.49,7.3,36.3,21.8,47.1
"Ureña, José",570632,2019,84.2,369,62,16.8,7,5.21,8.4,38.7,21.2,49.1
"Fleming, Josh",676596,2021,104.1,448,65,14.5,6.9,5.09,6.6,35,19.5,49.4
"Morgan, Eli",669212,2021,89.1,379,81,21.4,5.8,5.34,11.9,42.6,22.8,50.5
"Cessa, Luis",570666,2022,80.2,335,59,17.6,8.1,4.57,9.3,42.9,22.1,46.5
"DeSclafani, Anthony",543101,2021,167.2,676,152,22.5,6.2,3.17,8.1,38.8,24.2,48.9
"Eflin, Zach",621107,2021,105.2,442,99,22.4,3.6,4.17,6.8,39.2,23.2,49.9
"Musgrove, Joe",605397,2021,181.1,748,203,27.1,7.2,3.18,7.2,38.5,30,46.9
"Wacha, Michael",608379,2022,127.1,515,104,20.2,6,3.32,9.7,35.4,20.7,50.5
"Gilbert, Logan",669302,2025,131,535,173,32.3,5.8,3.44,8.6,41.7,32.9,51.1
"Wacha, Michael",608379,2019,126.2,561,104,18.5,9.6,4.76,8.4,35.5,21.2,47.9
"Maeda, Kenta",628317,2021,106.1,453,113,24.9,7.1,4.66,6.3,36.3,29.4,49.6
"Urquidy, José",664353,2022,164.1,681,134,19.7,5.6,3.94,9.4,40.8,22.3,52
"Waldron, Matt",663362,2024,146.2,625,133,21.3,6.4,4.91,7,35,20.8,45.3
"Ohtani, Shohei",660271,2021,130.1,533,156,29.3,8.3,3.18,7.1,39.9,28.9,48
"Castillo, Luis",622491,2019,190.2,780,226,29,10,3.4,5.6,33.6,35.9,47.3
"Kochanowicz, Jack",686799,2025,111,512,72,14.1,11.3,6.81,9.4,49.6,20.8,47.6
"Leahy, Kyle",681517,2025,88,363,80,22,7.7,3.07,9.8,44.1,23.1,49.7
"Uribe, Abner",682842,2025,75.1,298,90,30.2,9.1,1.67,2.9,34.9,32,45.7
"Quantrill, Cal",615698,2022,186.1,770,128,16.6,6.1,3.38,7.5,35.7,18.5,48.7
"Darvish, Yu",506433,2021,166.1,681,199,29.2,6.5,4.22,8.9,34.9,27.3,47.6
"Weathers, Ryan",677960,2021,94.2,401,72,18,7.5,5.32,8.4,43.2,18.9,44.8
"Kikuchi, Yusei",579328,2021,157,666,163,24.5,9.3,4.41,11.1,47,27.7,48.5
"González, Chi Chi",592346,2021,101.2,448,56,12.5,6.3,6.46,9,45,16.4,48.5
"Bassitt, Chris",605135,2025,170.1,736,166,22.6,7.1,3.96,8.5,36.6,23.3,46.8
"Eflin, Zach",621107,2023,177.2,703,186,26.5,3.4,3.5,9,35.1,24.1,49.9
"Montas, Frankie",593423,2024,150.2,655,148,22.6,10.1,4.84,9.3,43.1,24.9,48.7
"Civale, Aaron",650644,2025,102,435,88,20.2,7.6,4.85,9.8,39.1,21.8,45.4
"Kopech, Michael",656629,2023,129.1,591,134,22.7,15.4,5.43,12.7,42.4,26.9,42.1
"Lynn, Lance",458681,2023,183.2,808,191,23.6,8.3,5.73,10.4,39.3,28.8,50.1
"Bielak, Brandon",656232,2023,80,353,62,17.6,10.2,3.83,10.4,48.4,23.7,45
"Velasquez, Vince",592826,2022,75.1,319,69,21.6,7.8,4.78,13,44.4,25.2,48.5
"Greinke, Zack",425844,2022,137,585,73,12.5,4.6,3.68,6.8,39.6,17.4,46.2
"Pallante, Andre",669467,2022,108,457,73,16,8.8,3.17,3.2,42,17.8,45
"Pérez, Martín",527048,2023,141.2,608,93,15.3,8.1,4.45,7.6,37.2,17.5,45.3
"Hendricks, Kyle",543294,2021,181,785,131,16.7,5.6,4.77,8.4,33,20.1,48.6
"Stone, Gavin",694813,2024,140.1,580,116,20,6.4,3.53,6.4,36.2,24.7,50.4
"Lauer, Eric",641778,2022,158.2,661,157,23.8,8.9,3.69,8,38,24.2,46.6
"Flaherty, Jack",656427,2021,78.1,322,85,26.4,8.1,3.22,9.3,41.5,28.1,44.8
"Wacha, Michael",608379,2025,172.2,716,126,17.6,6.3,3.86,7.4,34.6,21.3,50.4
"Greinke, Zack",425844,2023,142.1,593,97,16.4,3.9,5.06,7.7,38.8,17.3,46.8
"Cole, Gerrit",543037,2021,181.1,726,243,33.5,5.6,3.23,9.8,38.6,31.9,48.9
"Littell, Zack",641793,2024,156.1,656,141,21.5,4.7,3.63,9.6,39.2,23.1,51.9
"Ober, Bailey",641927,2023,144.1,577,146,25.3,5,3.43,9.6,35.7,28.7,53.1
"Giolito, Lucas",608337,2019,176.2,705,228,32.3,8.1,3.41,10.6,34.6,32.4,49.6
"Darvish, Yu",506433,2022,194.2,771,197,25.6,4.8,3.1,8.8,37.1,25.1,49.7
"Petit, Yusmeiro",433589,2019,83,308,71,23.1,3.2,2.71,8.3,34.8,25.3,49.6
"Rodriguez, Eduardo",593958,2022,91,391,72,18.4,8.7,4.05,7.1,36,18.1,47
"Wilson, Bryse",669060,2022,115.2,509,79,15.5,6.3,5.52,7.8,43.8,18,47.8
"Clevinger, Mike",605182,2022,114.1,485,91,18.8,7.2,4.33,9.5,39.1,24.3,48.2
"Keller, Brad",641745,2022,139.2,617,102,16.5,9.2,5.09,6.6,41.4,21.6,48.8
"McGreevy, Michael",700241,2025,95.2,400,58,14.5,5,4.42,8.8,40.1,19.2,45.9
"Smyly, Drew",592767,2022,106.1,447,91,20.4,5.8,3.47,8.9,35.6,26,52
"Fried, Max",608331,2024,174.1,714,166,23.2,8,3.25,5,34.6,24.1,45.9
"Hicks, Jordan",663855,2024,109.2,481,96,20,9.8,4.1,9.5,42.2,24.6,44.3
"Quantrill, Cal",615698,2024,148.1,656,110,16.8,10.5,4.98,7.4,41.2,21.6,45.7
"Kirby, George",669923,2025,126,524,137,26.1,5.5,4.21,8.6,43.9,26.7,49
"Stammen, Craig",489334,2021,88.1,355,83,23.4,3.7,3.06,5.9,35.9,24.3,46.9
"Sandoval, Patrick",663776,2023,144.2,652,128,19.6,11.3,4.11,7,35.1,27.7,46.6
"Arrieta, Jake",453562,2021,98.2,469,83,17.7,9.4,7.39,9.2,44.3,18.3,43.5
"Allard, Kolby",663465,2021,124.2,534,104,19.5,5.8,5.41,10.7,39,19.8,48.4
"Cabrera, Edward",665795,2025,137.2,581,150,25.8,8.3,3.53,8.6,46.4,29.4,45.1
"Megill, Tylor",656731,2023,126.1,567,105,18.5,10.2,4.7,9.1,42.6,23.4,44.9
"Beck, Tristan",663941,2023,85,354,68,19.2,5.9,3.92,7.6,35.7,23.6,49.2
"Gomber, Austin",596295,2022,124.2,529,95,18,6.4,5.56,8.6,35.9,22.1,49
"Fried, Max",608331,2023,77.2,311,80,25.7,5.8,2.55,3.8,32.7,27.2,46.5
"Holmes, Grant",656550,2025,115,492,123,25,11,3.99,10.1,41.9,29.7,48.3
"Márquez, Germán",608566,2019,174,721,175,24.3,4.9,4.76,8.5,43.1,26.6,49.5
"Miley, Wade",489119,2019,167.1,720,140,19.4,8.5,3.98,5,32.5,22.9,44.6
"Gonzales, Marco",594835,2019,203,866,147,17,6.5,3.99,5.4,35.2,18,47.7
"Gonsolin, Tony",664062,2022,130.1,498,119,23.9,7,2.14,5.6,35,27.2,49.7
"Kikuchi, Yusei",579328,2023,167.2,700,181,25.9,6.9,3.86,9,42.4,28,48.7
"Anderson, Tyler",542881,2022,178.2,707,138,19.5,4.8,2.57,5,28.5,24.3,52.7
"Mahle, Tyler",641816,2025,86.2,346,66,19.1,8.4,2.18,8,37.1,23.2,49.9
"Quintana, Jose",500779,2019,171,745,152,20.4,6.2,4.68,6.5,37.9,20.9,44.3
"Gray, Josiah",680686,2022,148.2,649,154,23.7,10.2,5.02,10.8,36.9,27,44.8
"Rogers, Tyler",643511,2021,81,326,55,16.9,4,2.22,2,32,16.5,51
"Skubal, Tarik",669373,2022,117.2,477,117,24.5,6.7,3.52,5.5,39.4,26.4,50.7
"Montas, Frankie",593423,2021,187,778,207,26.6,7.3,3.37,8.7,42.3,29.6,50.5
"Corbin, Patrick",571578,2025,155.1,663,131,19.8,7.7,4.4,8.4,40.4,26.9,46.3
"Bibee, Tanner",676440,2025,182.1,762,162,21.3,7.1,4.24,8.1,36.6,23.8,46.3
"Feltner, Ryan",663372,2022,97.1,428,84,19.6,8.2,5.83,8.3,42.6,20.8,46.1
"Peralta, Freddy",642547,2021,144.1,580,195,33.6,9.7,2.81,6,31.8,34.2,45.6
"Walker, Ryan",676254,2024,80,308,99,32.1,5.8,1.91,6,30.2,28.6,46
"Ureña, José",570632,2021,100.2,456,67,14.7,9.2,5.81,8.7,47.8,20.5,46.4
"Ramirez, Nick",598286,2019,79.2,348,74,21.3,10.1,4.07,8.3,29.8,28.3,47
"Beeks, Jalen",656222,2019,104.1,464,89,19.2,8.6,4.31,8,35.9,24.1,45.9
"Webb, Logan",657277,2022,192.1,787,163,20.7,6.2,2.9,5.5,39,24.1,47.3
"Dunning, Dane",641540,2021,117.2,511,114,22.3,8.4,4.51,8.1,43.5,23.2,46.3
"Ynoa, Gabriel",593679,2019,110.2,480,67,14,5.4,5.61,10.8,40.9,20.1,50
"Verlander, Justin",434378,2019,223,847,300,35.4,5,2.58,8.4,33.3,33.6,51.9
"Contreras, Roansy",672710,2022,95,408,86,21.1,9.6,3.79,11,45.9,27.7,47.5
"Smyly, Drew",592767,2021,126.2,546,117,21.4,7.5,4.48,10.2,39,25,49.9
"Heaney, Andrew",571760,2021,129.2,558,150,26.9,7.3,5.83,9.9,40.8,28.3,48.7
"Martin, Davis",663436,2025,142.2,601,104,17.3,8,4.1,9.8,44.6,21.6,49.4
"Bellozo, Valente",678368,2025,81.1,348,54,15.5,6.6,4.65,11.7,41.4,20.2,49.9
"Gordon, Colton",676467,2025,86,379,72,19,5,5.34,11.6,40.6,18,50.5
"Irvin, Cole",608344,2022,181,741,128,17.3,4.9,3.98,9.6,39.5,20.6,52
"Glasnow, Tyler",607192,2025,90.1,366,106,29,11.7,3.19,8,37.4,28.2,42.4
"Springs, Jeffrey",605488,2022,135.1,549,144,26.2,5.6,2.46,5.9,37.7,29.6,50.3
"White, Mitch",669952,2022,99,440,78,17.7,8,5.45,5.6,34,19,48.5
"Abreu, Bryan",650556,2024,78.1,325,103,31.7,9.8,3.1,8.7,38,34,46.2
"Gomber, Austin",596295,2021,115.1,488,113,23.2,8.4,4.53,9.4,33.8,26.1,46.4
"Miller, Bobby",676272,2023,124.1,505,119,23.6,6.3,3.76,6,37.6,26.8,48.2
"Suarez, Ranger",624133,2021,106,418,107,25.6,7.9,1.36,2.6,31.1,26.9,46.3
"Soriano, José",667755,2025,169,724,152,21,10.8,4.26,7.2,48.2,27,44.8
"Archer, Chris",502042,2022,102.2,437,84,19.2,11,4.56,8.7,44.5,24.2,44.6
"Bassitt, Chris",605135,2019,144,612,141,23,7.7,3.81,5.4,31.7,20.9,46.7
"Stanek, Ryne",592773,2019,77,327,89,27.2,11.9,3.97,10.4,38.2,34.6,48.1
"Anderson, Tyler",542881,2021,167,703,134,19.1,5.4,4.53,8.5,33,23.1,54.2
"Thompson, Zach",605507,2021,75,315,66,21,8.9,3.24,6.9,34.4,26.5,48.7
"Bundy, Dylan",605164,2021,90.2,397,84,21.2,8.6,6.06,10.3,38.5,23.3,44.7
"Hill, Rich",448179,2021,158.2,661,150,22.7,8.3,3.86,8.9,34.8,23.1,46.1
"Kopech, Michael",656629,2022,119.1,494,105,21.3,11.5,3.54,8.9,41.6,24.2,44.8
"Skenes, Paul",694973,2025,187.2,733,216,29.5,5.7,1.97,5.8,40.1,30.1,49.6
"Bradish, Kyle",680694,2023,168.2,671,168,25,6.6,2.83,6.9,42,26,45.8
"Webb, Logan",657277,2021,148.1,596,158,26.5,6,3.03,5.6,38.8,28.7,46.6
"Civale, Aaron",650644,2024,161,689,149,21.6,7.5,4.36,7.3,39.4,21.9,45.2
"Wacha, Michael",608379,2024,166.2,685,145,21.2,6.6,3.35,8.2,32.5,23.3,48.5
"Ashcraft, Graham",668933,2023,145.2,624,111,17.8,8.3,4.76,6.9,38.9,22.3,48.2
"Kelly, Merrill",518876,2019,183.1,777,158,20.3,7.3,4.42,10.2,40,22.4,47.2
"Lodolo, Nick",666157,2022,103.1,441,131,29.7,8.8,3.66,9.7,40.6,30.2,45.2
"Martinez, Nick",607259,2024,142.1,570,116,20.4,3.2,3.1,5.1,30.5,23.1,51.1
"Gant, John",607231,2021,110,491,92,18.7,14.5,4.09,5.6,38.5,24.6,43.3
"López, Reynaldo",625643,2019,184,809,169,20.9,8,5.38,8.3,38.3,24.7,48.7
"Walker, Taijuan",592836,2023,172.2,733,138,18.8,9.7,4.38,6.8,40.9,20.5,44.1
"Gallen, Zac",668678,2025,192,813,175,21.5,8.1,4.83,9.7,43,23.7,44.9
"Williams, Trevor",592866,2022,89.2,372,84,22.6,6.2,3.21,7.7,37.2,23.9,48.8
"Wood, Alex",622072,2022,130.2,555,131,23.6,5.4,5.1,7.1,39.8,25,48.1
"Burrows, Mike",681347,2025,96,402,97,24.1,7.7,3.94,10.8,42,27,48.7
"Fried, Max",608331,2022,185.1,733,170,23.2,4.4,2.48,4,32.1,26.1,49.7
"Taillon, Jameson",592791,2024,165.1,675,125,18.5,4.9,3.27,7.2,38.8,19.5,48.2
"Snell, Blake",605483,2022,128,535,171,32,9.5,3.38,7.4,39.5,32.8,47.9
"Rodriguez, Eduardo",593958,2021,157.2,675,185,27.4,7,4.74,6.8,33.6,26.3,48.7
"Anderson, Shaun",641312,2019,96,427,70,16.4,8.9,5.44,7.9,37.3,20.9,48.6
"Freeland, Kyle",607536,2021,120.2,515,105,20.4,7.4,4.33,8.2,35.3,21.6,46.2
"Chirinos, Yonny",630023,2019,133.1,530,114,21.5,5.3,3.85,9.7,33.8,22.4,49.6
"Morton, Charlie",450203,2024,165.1,701,167,23.8,9.3,4.19,9.3,38.4,26.1,46.6
"Crowe, Wil",640444,2022,76,332,68,20.5,11.4,4.38,4.9,32.7,27.5,45.4
"Bassitt, Chris",605135,2023,200,826,186,22.5,7.1,3.6,8.3,35.3,21.9,47.3
"Brault, Steven",643230,2019,113.1,505,100,19.8,10.5,5.16,6.8,38.7,23.3,45.3
"Morton, Charlie",450203,2019,194.2,790,240,30.4,7.2,3.05,5.3,32.8,29.6,47.4
"Bello, Brayan",678394,2024,162.1,702,153,21.8,9.1,4.49,7.4,41.1,25.9,46.3
"Mize, Casey",663554,2021,150.1,612,118,19.3,6.7,3.71,10,40,22.6,45.8
"Suarez, José",660761,2019,81,375,72,19.2,8.8,7.11,9.7,37.3,25.3,46
"Wilson, Bryse",669060,2024,104.2,442,82,18.6,7,4.04,9.2,44.3,20.8,48.3
"Bradley, Taj",671737,2023,104.2,460,129,28,8.5,5.59,10.7,46.4,25,50.7
"Gilbert, Logan",669302,2021,119.1,503,128,25.4,5.6,4.68,8.8,44.6,27.1,50.9
"Urquidy, José",664353,2021,107,423,90,21.3,4.5,3.62,9.3,35.9,24.9,52.9
"Cameron, Noah",702070,2025,138.1,556,114,20.5,7.7,2.99,6.3,37.4,26.6,47.2
"Rodríguez, Yariel",684320,2024,86.2,368,85,23.1,10.9,4.47,6.3,37.2,25.7,45.4
"Estes, Joey",683155,2024,127.2,543,92,16.9,5,5.01,9.7,39.6,19.2,55.5
"Gray, Sonny",543243,2024,166.1,671,203,30.3,5.8,3.84,9,37.9,29.8,48.7
"Wheeler, Zack",554430,2024,200,787,224,28.5,6.6,2.57,8.3,33.6,27.5,51.2
"Tonkin, Michael",543859,2023,80,325,75,23.1,7.1,4.28,8,40,24.8,50.3
"Martinez, Carlos",593372,2021,82.1,363,57,15.7,9.9,6.23,8.6,42.5,18.8,46.2
"Paddack, Chris",663978,2025,158,670,112,16.7,5.5,5.35,10.2,45.6,20.7,51.3
"Gordon, Tanner",685299,2025,75.1,337,62,18.4,5,6.33,11.5,41.2,18,53.2
"Dunning, Dane",641540,2022,153.1,671,137,20.4,9.2,4.46,8.9,38,24.5,44.4
"Berríos, José",621244,2024,192.1,786,153,19.5,6.9,3.6,7.8,41.8,21.1,46.7
"Rodón, Carlos",607074,2022,178,710,237,33.4,7.3,2.88,6.5,39.8,31.2,49.8
"Anderson, Ian",666120,2022,111.2,493,97,19.7,11,5,6.2,40.5,28.4,46.9
"Lynn, Lance",458681,2021,157,641,176,27.5,7,2.69,6,36,26.3,50.2
"Gray, Jon",592351,2019,150,637,150,23.5,8.8,3.84,6.3,43.8,26.5,47.6
"Freeland, Kyle",607536,2022,174.2,766,131,17.1,6.9,4.53,9.7,42.4,20.8,47.5
"Beede, Tyler",595881,2019,117,523,113,21.6,8.8,5.08,8.9,44.3,26.3,46.2
"Giolito, Lucas",608337,2023,184.1,794,204,25.7,9.2,4.88,11,41.6,28.8,46.8
"Arrighetti, Spencer",681293,2024,145,632,171,27.1,10.3,4.53,7.7,39.8,27.7,47.2
"Mayers, Mike",594577,2021,75,315,90,28.6,8.3,3.84,8.2,41.8,29.2,48
"Waguespack, Jacob",621097,2019,78,335,63,18.8,8.7,4.38,7.6,38.2,21.8,48.9
"Sanchez, Aaron",592717,2019,131.1,605,115,19,11.2,5.89,8.2,42.2,21.8,44.5
"Brito, Jhony",666745,2023,90.1,372,72,19.4,7.5,4.28,9.1,36.9,21.7,48.2
"Mahle, Tyler",641816,2019,129.2,556,129,23.2,6.1,5.14,8.4,37.6,23.3,46.2
"Steele, Justin",657006,2023,173.1,716,176,24.6,5,3.06,5.4,36.6,24,52.9
"Herz, DJ",687792,2024,88.2,382,106,27.7,9.4,4.16,8.1,34.7,29.3,48.9
"Valdez, Framber",664285,2024,176.1,703,169,24,7.8,2.91,5.3,45,27.2,45
"Burnes, Corbin",669203,2021,167,657,234,35.6,5.2,2.43,3.1,30.5,37.3,49.2
"Peralta, Wily",503449,2021,93.2,402,58,14.4,9.5,3.07,7.4,38.2,21.3,45.2
"Patrick, Chad",694477,2025,119.2,503,127,25.2,8,3.53,8.1,42.2,23.5,50.1
"Bieber, Shane",669456,2021,96.2,405,134,33.1,8.1,3.17,9,43.6,36.5,47.9
"Barria, Jaime",642545,2019,82.2,365,75,20.5,7.4,6.42,11.6,40.6,22.1,44.4
"Brieske, Beau",689225,2022,81.2,339,54,15.9,7.4,4.19,10.5,41.3,18,50.6
"Gray, Jon",592351,2021,149,644,157,24.4,9,4.59,6.9,38.2,26.9,45.3
"Velasquez, Vince",592826,2019,117.1,516,130,25.2,8.3,4.91,11.2,40.1,26,49.5
"Stripling, Ross",548389,2023,89,381,70,18.4,4.2,5.36,10.3,41.3,23.7,48.2
"Farmer, Buck",571656,2023,75,309,70,22.7,9.4,4.2,8.8,35,30.3,47
"Anderson, Tyler",542881,2024,179.1,765,142,18.6,9.5,3.81,7.9,33,27.8,49.3
"Lynn, Lance",458681,2020,84,344,89,25.9,7.3,3.32,5.4,37.5,25.4,49.5
"Dunning, Dane",641540,2024,95,421,91,21.6,9.5,5.31,10.9,45.8,23.7,45.5
"Sabathia, CC",282332,2019,107.1,468,107,22.9,8.3,4.95,8.8,30.5,25.1,47.5
"Verlander, Justin",434378,2023,162.1,669,144,21.5,6.7,3.22,8.2,41.3,22.5,49.6
"Sampson, Adrian",592716,2022,104.1,428,73,17.1,6.3,3.11,6.8,35.9,21.3,48.2
"Miller, Bryce",682243,2025,90.1,392,74,18.9,8.7,5.68,9.4,48.6,24.2,50.9
"Freeland, Kyle",607536,2024,113.1,490,85,17.3,5.3,5.24,10.6,40.7,17.1,50
"Castillo, Luis",622491,2021,187.2,803,192,23.9,9.3,3.98,4.6,36.9,28.9,49.3
"Suárez, Albert",544150,2024,133.2,565,108,19.1,7.6,3.7,7.1,38.4,24.6,50.4
"Gilbert, Logan",669302,2023,190.2,770,189,24.5,4.7,3.73,9,44.6,26.4,52.2
"Rogers, Trevor",669432,2025,109.2,423,103,24.3,6.9,1.81,7.6,48.4,25.6,52.9
"Plesac, Zach",668676,2022,131.2,568,100,17.6,6.7,4.31,9.7,41.5,22,51.5
"Alexander, Tyler",641302,2022,101,427,61,14.3,5.9,4.81,11.2,37.9,17.1,50.7
"Rodriguez, Grayson",680570,2024,116.2,491,130,26.5,7.3,3.86,7.8,39.7,30,50.2
"Hudson, Dakota",641712,2024,89,404,49,12.1,12.4,6.17,6.4,42,18.6,42.1
"Mlodzinski, Carmen",669387,2025,99,419,89,21.2,6.4,3.55,6.1,40.1,23,46.6
"Luzardo, Jesús",666200,2022,100.1,400,120,30,8.8,3.32,6.6,39.1,31.7,45.9
"Woods Richardson, Simeon",680573,2024,133.2,569,117,20.6,8.4,4.17,8.2,36.2,22.3,49.8
"Baz, Shane",669358,2024,79.1,319,69,21.6,8.5,3.06,7.3,42,24.6,50.2
"Wells, Tyler",669330,2023,118.2,470,117,24.9,7.2,3.64,11.7,38.7,26.4,47.2
"Eflin, Zach",621107,2022,75.2,313,65,20.8,4.8,4.04,6.2,31.1,22.1,47.7
"Cobb, Alex",502171,2022,149.2,631,151,23.9,6.8,3.73,3.7,41.1,24.9,45
"Wheeler, Zack",554430,2019,195.1,828,195,23.6,6,3.96,5.8,32.4,23,50.9
"Pérez, Martín",527048,2024,135,590,107,18.1,8.3,4.53,8.6,41.5,21,46
"Minor, Mike",501985,2019,208.1,863,200,23.2,7.9,3.59,7.6,30.4,26.2,47.8
"Greinke, Zack",425844,2021,171,697,120,17.2,5.2,4.16,6.5,35.4,21.8,46
"Fedde, Erick",607200,2019,78,334,41,12.3,9.9,4.5,8.1,39.9,17.2,43.3
"Soriano, José",667755,2024,113,468,97,20.7,9.6,3.42,6.7,44.3,23.7,46
"Alcantara, Sandy",645261,2025,174.2,745,142,19.1,7.7,5.36,8.6,45,20.9,49.5
"Plesac, Zach",668676,2021,142.2,598,100,16.7,5.7,4.67,9.4,43.4,23.1,51
"Yarbrough, Ryan",642232,2024,98.2,398,65,16.3,8,3.19,6.3,29.4,21.1,47.4
"Hudson, Dakota",641712,2023,81.1,354,45,12.7,9.6,4.98,8.9,45.4,20.2,47.1
"López, Pablo",641154,2025,75.2,312,73,23.4,6.4,2.74,6,35.3,25.9,48.5
"Porcello, Rick",519144,2019,174.1,768,143,18.6,5.9,5.52,10.4,37.7,18,49.4
"Bieber, Shane",669456,2019,214.1,859,259,30.2,4.7,3.28,9.5,43.3,30.7,47.8
"Montgomery, Jordan",656756,2024,117,532,83,15.6,8.3,6.23,6,41,26.9,49.6
"Thompson, Keegan",624522,2022,115,485,108,22.3,8.9,3.76,8.7,39.1,24.5,46.2
"Cease, Dylan",656302,2021,165.2,708,226,31.9,9.6,3.91,9.9,38.8,34.6,46.8
"Quantrill, Cal",615698,2021,149.2,616,121,19.6,7.6,2.89,7,34.5,22.1,47
"Kelly, Merrill",518876,2021,158,667,130,19.5,6.1,4.44,6.3,39.6,20.6,49.2
"Walker, Taijuan",592836,2024,83.2,381,58,15.2,9.7,7.1,13.5,46.3,16.7,44.1
"Cecconi, Slade",677944,2025,132,545,109,20,5.9,4.3,12.2,49.1,22.5,46.5
"Skubal, Tarik",669373,2021,149.1,634,164,25.9,7.4,4.34,13.9,45.1,26.7,48.9
"Paddack, Chris",663978,2021,108.1,459,99,21.6,4.8,5.07,8.6,42.7,24.6,49.5
"Francis, Bowden",670102,2024,103.2,408,92,22.5,5.4,3.3,8.7,36.2,21.2,51.7
"Buehler, Walker",621111,2021,207.2,815,212,26,6.4,2.47,6.8,37.1,26.5,49.2
"Cease, Dylan",656302,2025,168,722,215,29.8,9.8,4.55,8.6,37.5,33.4,49.2
"Bumgarner, Madison",518516,2022,158.2,698,112,16,7,4.88,9.8,43.2,18.2,48.4
"Montgomery, Mike",543557,2019,91,402,69,17.2,8.5,4.95,9,44.7,21.9,45.2
"Happ, J.A.",457918,2021,152.1,671,122,18.2,7.2,5.79,11.7,41.8,19.6,47.9
"Suarez, Ranger",624133,2025,157.1,651,151,23.2,5.8,3.2,5.5,31.1,22.2,47.9
"Winckowski, Josh",670174,2024,76,336,60,17.9,7.7,4.14,6.1,43.1,20.9,47.8
"Lugo, Seth",607625,2023,146.1,604,140,23.2,6,3.57,9.7,44.2,21.9,46.3
"Milone, Tommy",543548,2019,111.2,453,94,20.8,5.1,4.76,10.9,31.3,22.8,47.1
"Quintana, Jose",500779,2024,170.1,717,135,18.8,8.8,3.75,6.7,38.2,22.2,43.1
"Roupp, Landen",694738,2025,106.2,476,102,21.4,9.5,3.8,8.9,36.5,25.2,43.8
"Márquez, Germán",608566,2022,181.2,779,150,19.3,8.1,4.95,7.1,47.2,23.2,49.7
"Severino, Luis",622663,2024,182,761,161,21.2,7.9,3.91,5.7,35.6,22,50.6
"Senga, Kodai",673540,2025,113.1,482,109,22.6,11.4,3.02,8,40.6,27.4,45.5
"Gausman, Kevin",592332,2023,185,763,237,31.1,7.2,3.16,9.9,43.3,28.9,49.3
"Martinez, Nick",607259,2022,106.1,448,95,21.2,9.2,3.47,8.1,37,25.6,47.6
"Anderson, Brett",474463,2021,96,409,58,14.2,6.8,4.22,9.3,47,16.7,41.6
"Smith, Caleb",592761,2021,113.2,500,124,24.8,12.6,4.83,8.5,29.1,27.5,46.2
"Wentz, Joey",666214,2025,98,442,92,20.8,9.7,5.6,9.5,42.8,23.5,49.2
"Alcantara, Sandy",645261,2021,205.2,837,201,24,6,3.19,6.1,39.4,27.5,53.3
"Irvin, Cole",608344,2024,111,492,78,15.9,5.9,5.11,12.7,40.9,17,48.3
"Kluber, Corey",446372,2021,80,341,82,24,9.7,3.83,6.8,34.4,28.1,47.1
"Brown, Hunter",686613,2023,155.2,665,178,26.8,8.3,5.09,10.9,44.4,24.8,46.4
"Scherzer, Max",453286,2021,179.1,693,236,34.1,5.2,2.46,8,34.3,34.2,50.6
"Burnes, Corbin",669203,2022,202,797,243,30.5,6.4,2.94,5.7,34.1,35.2,46.2
"Lorenzen, Michael",547179,2024,130.1,535,97,18.1,11,3.31,8.1,39.4,22.8,44.7
"Snell, Blake",605483,2021,128.2,550,170,30.9,12.5,4.2,11,41.2,31.8,44.4
"Odorizzi, Jake",543606,2021,104.2,441,91,20.6,7.7,4.21,9.3,39.3,21.9,48.9
"Gausman, Kevin",592332,2021,192,775,227,29.3,6.5,2.81,7.1,40.9,31.4,52.4
"Nola, Aaron",605400,2019,202.1,852,229,26.9,9.4,3.87,7.3,39.5,26.7,44.6
"Snell, Blake",605483,2024,104,418,145,34.7,10.5,3.12,5.7,28.9,37.7,46
"Williams, Trevor",592866,2021,91,405,90,22.2,7.7,4.35,7.1,37.9,24.1,48.9
"Miley, Wade",489119,2023,120.1,490,79,16.1,7.8,3.14,7.6,31.3,19.1,45.1
"Clarke, Taylor",664199,2019,84.2,369,68,18.4,8.1,5.31,13.6,39.8,23.2,48.4
"Lorenzen, Michael",547179,2019,83.1,343,85,24.8,8.2,2.92,3.4,29.7,31.1,48.8
"Rogers, Trevor",669432,2021,133,550,157,28.5,8.4,2.64,5,36.7,31,49.4
"Sheffield, Justus",656954,2021,80.1,385,63,16.4,11.2,6.83,11.7,47.1,19.8,44.3
"Gilbert, Logan",669302,2022,185.2,766,174,22.7,6.4,3.2,7.1,45.6,24.2,50.3
"Singer, Brady",663903,2021,128.1,586,131,22.4,9,4.91,5.6,37.6,25.3,43.7
"Matz, Steven",571927,2021,150.2,647,144,22.3,6.6,3.82,7,37.9,22.3,46.9
"Wacha, Michael",608379,2023,134.1,553,124,22.4,7.8,3.22,7.3,35.5,24.6,47.9
"Kirby, George",669923,2022,130,542,133,24.5,4.1,3.39,8.9,38.7,21.2,52.6
"Turnbull, Spencer",605513,2019,148.1,656,146,22.3,9,4.61,7.1,40.7,24.7,46.9
"Irvin, Jake",663623,2024,187.2,769,156,20.3,6.8,4.41,9.2,39.1,22.3,48.5
"Heaney, Andrew",571760,2025,122.1,536,86,16,7.5,5.52,10.3,43.6,19.9,47.5
"Schwellenbach, Spencer",680885,2025,110.2,434,108,24.9,4.1,3.09,7.5,41.5,28.3,51.8
"Quantrill, Cal",615698,2019,103,443,89,20.1,6.3,5.16,7.7,32.5,22.4,48.8
"Minor, Mike",501985,2022,98,455,76,16.7,8.8,6.06,8.4,34.9,20.1,46.1
"Brown, Hunter",686613,2025,185.1,729,206,28.3,7.8,2.43,5.9,32.2,27.8,44.8
"Cole, Gerrit",543037,2019,212.1,817,326,39.9,5.9,2.5,6.5,35.5,37.2,49.9
"Ureña, José",570632,2024,109,463,70,15.1,8.4,3.8,7.7,39.7,23.1,47
"Olson, Reese",681857,2024,112.1,465,101,21.7,7.1,3.53,5.5,43.7,28.7,47.3
"Davies, Zach",605200,2022,134.1,570,102,17.9,9.1,4.09,8,34.5,21.5,42.2
"Muñoz, Roddery",682610,2024,82.2,379,70,18.5,11.1,6.53,13.7,45,23.6,45.7
"King, Michael",650633,2024,173.2,726,201,27.7,8.7,2.95,6.2,30.3,29.3,45.4
"Pallante, Andre",669467,2024,121.1,509,94,18.5,9.4,3.78,3.4,38.1,19.8,46.4
"Gray, Jon",592351,2022,127.1,521,134,25.7,7.5,3.96,6.2,38,25.9,48.9
"Flaherty, Jack",656427,2019,196.1,772,231,29.9,7.1,2.75,7.7,30.3,30.7,48
"Williams, Gavin",668909,2023,82,345,81,23.5,10.7,3.29,5.4,38.6,27.8,47.5
"Abbott, Andrew",671096,2025,166.1,684,149,21.8,6.3,2.87,8,33.7,24,50
"Pomeranz, Drew",519141,2019,104,455,137,30.1,9.7,4.85,9.9,35.8,26.8,45.8
"Soroka, Michael",647336,2024,79.2,347,84,24.2,12.7,4.74,9.7,35.2,24.8,43.3
"Harvey, Matt",518774,2021,127.2,582,95,16.3,6.4,6.27,7.9,40.9,19.1,48
"Rodriguez, Eduardo",593958,2025,154.1,694,143,20.6,8.6,5.02,8.2,35.2,23,47.1
"Fulmer, Carson",608334,2024,86.2,379,81,21.4,10.6,4.15,9.6,44.4,25.8,46.3
"Montero, Keider",672456,2025,90.2,389,72,18.5,8,4.37,8.2,39.4,19.8,47.7
"Cole, Gerrit",543037,2022,200.2,793,257,32.4,6.3,3.5,9.6,40.2,34.1,48.2
"Hill, Rich",448179,2023,146.1,660,129,19.5,8.8,5.41,10.1,39.9,19.3,45.4
"Kikuchi, Yusei",579328,2025,178.1,772,174,22.5,9.6,3.99,9.4,42.2,23.6,48.3
"Alexander, Tyler",641302,2025,97.2,423,82,19.4,7.1,4.98,5.9,39.6,21.5,48.8
"Gibson, Kyle",502043,2022,167.2,718,144,20.1,6.7,5.05,7.6,37.5,25.2,48.5
"Ray, Robbie",592662,2025,182.1,755,186,24.6,9.7,3.65,9.6,44.7,27.8,49.3
"Miller, Bryce",682243,2023,131.1,537,119,22.2,4.8,4.32,10.9,42.1,24.3,52.8
"Cortes, Nestor",641482,2024,174.1,710,162,22.8,5.5,3.77,7.9,43.6,24.2,50.4
"Nelson, Ryne",669194,2023,144,619,96,15.5,7.4,5.31,11.6,42.7,20.3,49.8
"Manaea, Sean",640455,2024,181.2,738,184,24.9,8.5,3.47,7.5,37.8,26.1,49
"Weathers, Ryan",677960,2024,86.2,367,80,21.8,6.5,3.63,8.3,38.2,26.1,46.4
"Blackburn, Paul",621112,2023,103.2,464,104,22.4,9.3,4.43,5.8,33.2,23.8,45.7
"Mikolas, Miles",571945,2024,171.2,720,122,16.9,3.5,5.35,8.1,42.3,16.4,49.8
"Gomber, Austin",596295,2023,139,603,87,14.4,7.1,5.5,9,44.3,19.1,47.5
"Mikolas, Miles",571945,2025,156.1,669,100,14.9,5.5,4.84,12.7,41.8,16.5,48
"Peralta, Freddy",642547,2022,78,317,86,27.1,8.5,3.58,3.5,31.3,29.9,44
"Gonzales, Marco",594835,2022,183,783,103,13.2,6.4,4.13,7.2,35,18.3,51
"Eflin, Zach",621107,2019,163.1,705,129,18.3,6.8,4.13,7.7,32.8,20.3,47.8
"Berríos, José",621244,2021,192,781,204,26.1,5.8,3.52,9.1,38.3,23.7,47
"Musgrove, Joe",605397,2023,97.1,399,97,24.3,5.3,3.05,5.1,33.5,26,49.4
"Ortiz, Luis",682847,2023,86.2,400,59,14.8,12,4.78,10,49.1,22.6,45.5
"Ray, Robbie",592662,2022,189,775,212,27.4,8,3.71,7.9,39.1,30,51.5
"Elder, Bryce",693821,2023,174.2,732,128,17.5,8.6,3.81,6,41,23.6,46.3
"Urías, Julio",628711,2019,79.2,326,85,26.1,8.3,2.49,4.6,24.9,29.9,51.3
"López, Jorge",605347,2019,123.2,548,109,19.9,7.7,6.33,12.4,40.6,21.6,44.8
"Flexen, Chris",623167,2022,137.2,590,95,16.1,8.6,3.73,9,40,21.8,48.8
"Cantillo, Joey",676282,2025,95.1,401,108,26.9,10.5,3.21,7.2,41.8,29.7,43.2
"Weaver, Luke",596133,2024,84,331,103,31.1,7.9,2.89,8.6,38.4,33.5,49.7
"Ober, Bailey",641927,2021,92.1,379,96,25.3,5,4.19,9.5,42.2,24.6,50.4
"Eovaldi, Nathan",543135,2021,182.1,764,195,25.5,4.6,3.75,6.3,36.4,25.9,51.6
"Bassitt, Chris",605135,2021,157.1,637,159,25,6.1,3.15,6.5,33.2,23.9,47.7
"Cabrera, Edward",665795,2023,99.2,434,118,27.2,15.2,4.24,7,35.4,30.9,43.1
"Walker, Taijuan",592836,2022,157.1,649,132,20.3,6.9,3.49,7.4,40.6,23.6,47.3
"Garcia, Luis",677651,2022,157.1,643,157,24.4,7.3,3.72,7.8,36.3,29.2,48.9
"Mahle, Tyler",641816,2022,120.2,503,126,25,8.5,4.4,7.5,38.3,26.8,45.3
"Gray, Josiah",680686,2023,159,698,143,20.5,11.5,3.91,9.5,36.7,26.2,46.4
"Sale, Chris",519242,2019,147.1,612,218,35.6,6,4.4,8.7,36.3,32,47.4
"Criswell, Cooper",681867,2024,99.1,424,73,17.2,7.3,4.08,7,37.4,17.2,44.6
"Houser, Adrian",605288,2022,102.2,454,69,15.2,10.1,4.73,5.7,41.5,17.1,43.1
"Walker, Taijuan",592836,2025,123.2,538,86,16,7.8,4.08,7.4,41.4,18.5,45.1
"Stripling, Ross",548389,2019,90.2,370,93,25.1,5.4,3.47,7.3,38.4,24.6,45.9
"Espino, Paolo",502179,2022,113.1,487,92,18.9,4.9,4.84,7.9,41.2,21.4,45
"Keller, Brad",641745,2021,133.2,613,120,19.6,10.4,5.39,10.9,45,22.4,44.8
"Bauer, Trevor",545333,2019,213,911,253,27.8,9,4.48,9.3,37.7,29.4,45.3
"Strasburg, Stephen",544931,2019,209,841,251,29.8,6.7,3.32,6.7,33.8,30.6,47.7
"Quintana, Jose",500779,2022,165.2,679,137,20.2,6.9,2.93,5.5,35.8,24,47.9
"Strider, Spencer",675911,2022,131.2,528,202,38.3,8.5,2.67,6.1,36,34.9,50
"Mikolas, Miles",571945,2019,184,764,144,18.8,4.2,4.16,6.8,36.6,21.7,49.3
"Bradish, Kyle",680694,2022,117.2,509,111,21.8,9,4.9,7.9,41,23.6,45.4
"Scholtens, Jesse",669947,2023,85,377,58,15.4,8,5.29,8,37.6,20.8,45.2
"Morton, Charlie",450203,2025,142,654,149,22.8,11,5.83,8.6,43.6,27.9,46.8
"Gore, MacKenzie",669022,2023,136.1,582,151,25.9,9.8,4.42,12.1,43.7,27.9,48.5
"Megill, Tylor",656731,2021,89.2,379,99,26.1,7.1,4.52,10,42,26.1,50
"Williams, Gavin",668909,2025,167.2,704,173,24.6,11.8,3.06,9,44.3,27.7,45.7
"Pfaadt, Brandon",694297,2024,181.2,760,185,24.3,5.5,4.71,8.2,39.4,25.4,49.3
"Waldichuk, Ken",686610,2023,141,639,132,20.7,11.1,5.36,7.7,38.5,25.1,47.5
"Gonzales, Marco",594835,2021,143.1,585,108,18.5,7.2,3.96,11.4,37,20.4,48
"Quintana, Jose",500779,2025,131.2,556,89,16,9,3.96,9.7,41.7,18.4,43.2
"Wheeler, Zack",554430,2022,153,607,163,26.9,5.6,2.82,7.7,34.5,25.1,50.5
"Valdez, Framber",664285,2023,198,808,200,24.8,7.1,3.45,8,45.6,26.8,47.2
"Cahill, Trevor",502239,2019,102.1,455,81,17.8,8.6,5.98,7.8,37.5,23.6,45.2
"Pineda, Michael",501381,2021,109.1,458,88,19.2,4.6,3.62,8.9,46.7,22.1,51.7
"Irvin, Cole",608344,2023,77.1,336,68,20.2,6.3,4.42,10.9,34.6,20.8,50.5
"Lauer, Eric",641778,2019,149.2,651,138,21.2,7.8,4.45,6.4,39.4,20.1,47.8
"Blach, Ty",621389,2023,78,352,50,14.2,6.8,5.54,11.1,43.4,15.3,49.2
"Márquez, Germán",608566,2025,126.1,591,83,14,8.1,6.7,11.1,48.5,18.6,48
"Pérez, Eury",691587,2025,95.1,385,105,27.3,8.3,4.25,9,46.5,28.4,50.3
"Canning, Griffin",656288,2025,76.1,327,70,21.4,10.4,3.77,9.5,45.7,25.5,45.8
"Paddack, Chris",663978,2024,88.1,384,79,20.6,5.5,4.99,9.9,43.1,24,49.4
"Akin, Keegan",669211,2024,78.2,313,97,31,6.1,3.32,7.7,37.4,30,47.2
"Gil, Luis",661563,2024,151.2,637,171,26.8,12.1,3.5,9.5,37.4,29,45.5
"Gilbert, Logan",669302,2024,208.2,803,220,27.4,4.6,3.23,7.2,39.3,31.7,50.4
"Parker, Mitchell",680730,2025,164.2,725,103,14.2,8,5.68,9.7,50,19.6,51.2
"Means, John",607644,2021,146.2,590,134,22.7,4.4,3.62,10.1,37.8,25.4,50.5
"Schmidt, Clarke",657376,2025,78.2,316,73,23.1,9.5,3.32,6.6,35.4,26.6,47.6
"Skubal, Tarik",669373,2023,80.1,310,102,32.9,4.5,2.8,4.2,40.3,31.3,53
"Snell, Blake",605483,2019,107,441,147,33.3,9.1,4.29,5.5,32,38.4,48.9
"Bello, Brayan",678394,2025,166.2,700,124,17.7,8.4,3.35,7.1,39.3,20.1,45.8
"Hearn, Taylor",621368,2021,104.1,441,92,20.9,9.5,4.66,7.9,38.3,23.1,46.5
"Lucchesi, Joey",664192,2019,163.2,686,158,23,8.2,4.18,7.8,36.4,25.4,45.3
"Bivens, Spencer",702352,2025,81,343,61,17.8,7.3,4,7.2,37.3,17,49.1
"Quantrill, Cal",615698,2025,117.2,513,85,16.6,6.8,6.04,12.5,44.3,20.2,46.7
"Luzardo, Jesús",666200,2025,183.2,758,216,28.5,7.5,3.92,6.7,37.1,30.8,47.8
"Corbin, Patrick",571578,2022,152.2,713,128,18,6.9,6.31,11,45,20.9,47.4
"Hudson, Dakota",641712,2022,139.2,596,78,13.1,10.2,4.45,6,40.4,17.6,44
"Singer, Brady",663903,2022,153.1,621,150,24.2,5.6,3.23,8.3,40.9,23,44.3
"Ohtani, Shohei",660271,2023,132,531,167,31.5,10.4,3.14,10.1,35,30.8,46.7
"King, Michael",650633,2023,104.2,431,127,29.5,7.4,2.75,7.1,33.3,29.4,42.5
"Rasmussen, Drew",656876,2021,76,307,73,23.8,8.1,2.84,5.8,50.2,25.4,47.1
"Thornton, Trent",663423,2019,154.1,676,149,22,8.9,4.84,7.9,37,24.4,44.4
"Musgrove, Joe",605397,2019,170.1,718,157,21.9,5.4,4.44,7,38.7,24.6,51.9
"Hearn, Taylor",621368,2022,100,449,97,21.6,9.6,5.13,9.8,40.2,22.2,48.1
"Davies, Zach",605200,2023,82.1,377,72,19.1,10.3,7,8,42.4,22,40.3
"Holton, Tyler",663947,2023,85.1,324,74,22.8,5.6,2.11,6.9,32.5,26.8,49.3
"Junis, Jakob",596001,2019,175.1,771,164,21.3,7.5,5.24,9.1,41.2,22.6,45.3
"Miller, Bryce",682243,2024,180.1,704,171,24.3,6.4,2.94,9.8,41.2,24.4,48.9
"Nova, Iván",467100,2019,187,806,114,14.1,5.8,4.72,7.8,38.4,18.5,48.9
"Rasmussen, Drew",656876,2022,146,584,125,21.4,5.3,2.84,6.7,39.2,25.3,52.9
"Pérez, Martín",527048,2022,196.1,821,169,20.6,8.4,2.89,4.4,34.9,21,44.5
"Rodón, Carlos",607074,2021,132.2,534,185,34.6,6.7,2.37,6.6,36.2,33.2,50.5
"Ginn, J.T.",669372,2025,90.1,392,99,25.3,7.9,5.08,9.8,44.5,28.7,42.9
"Mize, Casey",663554,2024,102.1,452,78,17.3,6.4,4.49,7.9,44.6,22,49.5
"Boyd, Matthew",571510,2021,78.2,337,67,19.9,6.8,3.89,7.9,36.3,22.7,50.9
"Heaney, Andrew",571760,2023,147.1,641,151,23.6,9.4,4.15,10.3,38.6,26.5,48.2
"Schmidt, Clarke",657376,2024,85.1,353,93,26.3,8.5,2.85,6,38,29.4,44.2
"Gomber, Austin",596295,2024,165,696,116,16.7,5.5,4.75,9.6,41.2,19.9,48.3
"Kelly, Merrill",518876,2023,177.2,721,187,25.9,9.4,3.29,7.8,41.8,27,49.1
"Anderson, Tyler",542881,2023,141,629,119,18.9,10.2,5.43,8.2,32.3,27.8,49.7
"Anderson, Brett",474463,2019,176,743,90,12.1,6.6,3.89,7.8,40,17,47.5
"Cole, Gerrit",543037,2024,95,390,99,25.4,7.4,3.41,7.4,39.5,24.8,48.3
"Lauer, Eric",641778,2021,118.2,489,117,23.9,8.4,3.19,8.2,37.1,24.2,48.6
"Parker, Mitchell",680730,2024,151,646,133,20.6,6.7,4.29,8.2,38.9,22.3,51.4
"Houser, Adrian",605288,2021,142.1,599,105,17.5,10.7,3.22,5,36,19.2,44.4
"Ferrer, José A.",678606,2025,76.1,324,71,21.9,4.9,4.48,4.8,42.2,24.8,49.8
"Liberatore, Matthew",669461,2025,151.2,648,122,18.8,6.2,4.21,10.6,41.1,20.2,48.2
"Nelson, Ryne",669194,2025,154,619,132,21.3,6.6,3.39,7.5,45.5,21.6,50.4
"Rea, Colin",607067,2023,124.2,517,110,21.3,7.4,4.55,7.7,43.3,24,47.9
"Peralta, Freddy",642547,2023,165.2,680,210,30.9,7.9,3.86,8.6,37.7,33.6,47.8
"Kremer, Dean",665152,2025,171.2,708,142,20.1,6.4,4.19,8.7,35.8,22.9,49.4
"Maeda, Kenta",628317,2023,104.1,428,117,27.3,6.5,4.23,8.2,42.1,28.2,48.5
"Sale, Chris",519242,2024,177.2,702,225,32.1,5.6,2.38,5.6,31.2,31,49
"Falter, Bailey",663559,2023,80.2,347,60,17.3,5.8,5.36,9,39.3,18.3,50.6
"Morton, Charlie",450203,2023,163.1,716,183,25.6,11.6,3.64,7.8,39.1,32.2,42.9
"Skenes, Paul",694973,2024,133,514,170,33.1,6.2,1.96,5.2,36.3,28.7,49.8
"Matz, Steven",571927,2023,105,449,98,21.8,7.1,3.86,4.7,38,25.3,47.8
"Kelly, Merrill",518876,2025,184,748,167,22.3,6.4,3.52,9.3,43.5,24.1,49.3
"Crochet, Garrett",676979,2025,205.1,814,255,31.3,5.7,2.59,7.3,37.3,29.4,51.8
"Brown, Ben",676962,2025,106.1,472,121,25.6,6.8,5.92,11.4,47.3,28.3,47.9
"Newcomb, Sean",656794,2025,92.1,391,91,23.3,7.9,2.73,5.7,41.8,21.4,46.2
"Yamamoto, Jordan",657141,2019,78.2,325,82,25.2,11.1,4.46,7,38.8,23.1,45
"Cessa, Luis",570666,2019,81,343,75,21.9,9,4.11,5.5,37.6,29.3,47.2
"Odorizzi, Jake",543606,2022,106.1,453,86,19,7.7,4.4,7.3,33.1,22.2,50.1
"Abbott, Andrew",671096,2023,109.1,459,120,26.1,9.6,3.87,9.2,42.5,25.6,46.8
"Cease, Dylan",656302,2024,189.1,762,224,29.4,8.5,3.47,8.5,38.6,32.4,48.2
"Phillips, Tyler",663969,2025,77.2,313,52,16.6,7.7,2.78,5.1,43.4,27.3,47.9
"Rogers, Trevor",669432,2022,107,477,106,22.2,9.4,5.47,7.5,37.4,25.8,49
"Ryu, Hyun Jin",547943,2021,169,701,143,20.4,5.3,4.37,8.5,41.6,22.6,47.5
"Uceta, Edwin",670955,2025,76,321,103,32.1,8.4,3.79,9.3,36.6,35.6,53
"Plesac, Zach",668676,2019,115.2,475,88,18.5,8.4,3.81,8.9,38.7,21.6,47.6
"Cueto, Johnny",456501,2022,158.1,651,102,15.7,5.1,3.35,7.3,35.9,17.6,49.8
"Lugo, Seth",607625,2025,145.1,611,125,20.5,9,4.15,11.1,45.2,20.6,43.9
"Gallen, Zac",668678,2019,80,334,96,28.7,10.8,2.81,5.8,35.9,29.3,46.3
"Sánchez, Aníbal",434671,2019,166,712,134,18.8,8.1,3.85,7.3,28.3,22.4,48.4
"Cueto, Johnny",456501,2021,114.2,490,98,20,6.1,4.08,6.4,38,22.8,50.4
"Ashby, Aaron",676879,2022,107.1,475,126,26.5,9.9,4.44,6.8,34.1,29.6,44.2
"Gray, Sonny",543243,2021,135.1,575,155,27,8.7,4.19,4.7,32.1,26.2,43
"Fiers, Mike",571666,2019,184.2,754,126,16.7,7,3.9,8.1,38.3,18.2,47.3
"Junk, Janson",676083,2025,110,447,77,17.2,2.9,4.17,8.5,47.3,18.2,52.5
"Wood, Alex",622072,2023,97.2,429,74,17.2,9.8,4.33,5.6,37.4,21.7,45.8
"Davies, Zach",605200,2021,148,668,114,17.1,11.2,5.78,9.1,43.3,22.3,43.2
"Ryan, Joe",657746,2023,161.2,672,197,29.3,5.1,4.51,8.7,41.6,26.8,55.1
"Samardzija, Jeff",502188,2019,181.1,740,140,18.9,6.6,3.52,8.9,37.7,20.2,48.3
"Berríos, José",621244,2019,200.1,842,195,23.2,6.1,3.68,7.1,32,23.5,49.1
"Darvish, Yu",506433,2019,178.2,731,229,31.3,7.7,3.98,8,37.5,30.4,48.3
"Manoah, Alek",666201,2022,196.2,786,180,22.9,6.5,2.24,5.4,31.5,24.9,49.5
"Houck, Tanner",656557,2024,178.2,743,154,20.7,6.5,3.12,5.8,41.8,22.6,46.8
"Lester, Jon",452657,2019,171.2,764,165,21.6,6.8,4.46,8.2,34.7,21.1,45.7
"Ortiz, Luis",682847,2024,135.2,556,107,19.2,7.6,3.32,8.8,37.7,21,48.1
"Glasnow, Tyler",607192,2024,134,522,168,32.2,6.7,3.49,8.5,40.1,30.9,48.4
"Schmidt, Clarke",657376,2023,159,694,149,21.5,6.6,4.64,7.6,41,22.8,47.1
"Lyles, Jordan",543475,2022,179,774,144,18.6,6.7,4.42,10.4,38.8,21.9,46.3
"Kuhl, Chad",641771,2022,137,617,110,17.8,9.4,5.72,9.7,44.6,23.6,45.5
"Boyd, Matthew",571510,2019,185.1,788,238,30.2,6.3,4.56,10,35.3,31.1,49.8
"Urías, Julio",628711,2023,117.1,482,117,24.3,5,4.6,8.7,34.5,24.2,49.5
"Littell, Zack",641793,2025,186.2,759,130,17.1,4.2,3.81,9.9,40.9,20.4,51.8
"Hendricks, Kyle",543294,2019,177,730,150,20.5,4.4,3.46,6,31.5,22.1,49.3
"Whitlock, Garrett",676477,2022,78.1,311,82,26.4,4.8,3.45,8,39,29.6,51.3
"Bassitt, Chris",605135,2022,181.2,745,167,22.4,6.6,3.42,6.6,32.8,23.6,46.5
"Sandoval, Patrick",663776,2022,148.2,638,151,23.7,9.4,2.91,5.8,34,29.6,48.2
"Scherzer, Max",453286,2023,152.2,621,174,28,7.2,3.77,8.5,36.9,28.6,51
"Bundy, Dylan",605164,2022,140,595,94,15.8,4.7,4.89,9,38.3,21.3,52.2
"Lambert, Peter",663567,2019,89.1,420,57,13.6,8.6,7.25,6.6,39.6,16.9,45.3
"Bubic, Kris",663460,2025,116.1,476,116,24.4,8.2,2.55,6.6,39.3,28.8,49.2
"Bello, Brayan",678394,2023,157,668,132,19.8,6.7,4.24,7,44.3,24.4,48.4
"Scott, Tanner",656945,2023,78,307,104,33.9,7.8,2.31,3.5,26.3,36.2,51.2
"Scherzer, Max",453286,2019,172.1,693,243,35.1,4.8,2.92,7.1,35.5,33.9,52.5
"Burnes, Corbin",669203,2023,193.2,784,200,25.5,8.4,3.39,5.3,32.4,28.8,46.3
"Bazardo, Eduard",660825,2025,78.2,313,82,26.2,8.6,2.52,9.4,37.1,19.4,42.9
"Kremer, Dean",665152,2022,125.1,512,87,17,6.6,3.23,7.3,39.2,22.3,50.7
"Hendricks, Kyle",543294,2022,84.1,356,66,18.5,6.7,4.8,10,38.9,23.9,45.6
"Lynn, Lance",458681,2024,117.1,511,109,21.3,8.6,3.84,10.5,39.3,24.1,48.4
"McCullers Jr., Lance",621121,2021,162.1,684,185,27,11.1,3.16,5.3,40.7,30.2,41.6
"Severino, Luis",622663,2025,162.2,705,124,17.6,7.1,4.54,6,41.9,18.3,47.3
"Gonzalez, Gio",461829,2019,87.1,366,78,21.3,10.1,3.5,7.3,31.2,25.9,44.2
"Nola, Aaron",605400,2023,193.2,793,202,25.5,5.7,4.46,8.3,38.5,26,49.3
"Elder, Bryce",693821,2025,156.1,679,131,19.3,7.5,5.3,7.8,43.8,22.5,46.3
"Williams, Trevor",592866,2023,144.1,658,111,16.9,7.9,5.55,10.3,38.6,19,47.1
"Foltynewicz, Mike",592314,2019,117,491,105,21.4,7.5,4.54,8.8,39.8,23.6,48.8
"Stripling, Ross",548389,2022,134.1,536,111,20.7,3.7,3.01,9.2,37.2,23.6,51.5
"Quintana, Jose",500779,2023,75.2,319,60,18.8,7.5,3.57,5.1,32.5,21.6,45.5
"DeSclafani, Anthony",543101,2023,99.2,419,79,18.9,4.8,4.88,8.3,45.1,20.3,46.7
"Chirinos, Yonny",630023,2023,85,367,53,14.4,7.4,5.4,9.3,45.6,17.7,48.7
"Castillo, Luis",622491,2022,150.1,615,167,27.2,7.3,2.99,6.9,37.6,27.8,49.4
"Fedde, Erick",607200,2025,141,623,83,13.3,10.8,5.49,7.9,42.6,18,44.7
"Fried, Max",608331,2025,195.1,801,189,23.6,6.4,2.86,6.9,37.2,26.6,46.9
"Allen, Logan",671106,2025,156.2,676,122,18,9.2,4.25,9.1,37.5,20.6,44.3
"Giolito, Lucas",608337,2025,145,613,121,19.7,9.1,3.41,9,41.1,22.9,47.3
"Kaprielian, James",621076,2022,134,577,98,17,10.2,4.23,8,36.4,21.3,47.8
"Glasnow, Tyler",607192,2021,88,340,123,36.2,7.9,2.66,9,46.8,37,49.1
"Wacha, Michael",608379,2021,124.2,528,121,22.9,5.9,5.05,10.5,43,23,53.6
"Wheeler, Zack",554430,2025,149.2,585,195,33.3,5.6,2.71,7.2,34.1,31.5,50.3
"Allen, Logan",671106,2023,125.1,537,119,22.2,8.9,3.81,7.6,39.1,24,47.7
"Springs, Jeffrey",605488,2025,171,713,138,19.4,7.6,4.11,8.1,37.3,26,46.3
"Javier, Cristian",664299,2023,162,687,159,23.1,9,4.56,9.4,38.3,27.1,48
"Bubic, Kris",663460,2021,130,556,114,20.5,10.6,4.43,9,39.6,23.4,44.8
"Petit, Yusmeiro",433589,2021,78,313,37,11.8,3.8,3.92,8.4,30,21,51.8
"Syndergaard, Noah",592789,2023,88.2,391,56,14.3,4.9,6.5,11.1,42.2,17.9,49.1
"Manning, Matt",666159,2023,78,316,50,15.8,6.6,3.58,10.9,43.9,18.8,46.8
"Lopez, Jacob",682052,2025,92.2,399,113,28.3,9.3,4.08,6.6,33.2,28.3,45.6
"Williams, Trevor",592866,2025,82.2,373,65,17.4,5.6,6.21,8.5,40.7,19.8,46.7
"Wentz, Joey",666214,2023,105.2,492,98,19.9,9.6,6.9,11.5,41.5,25.5,47.8
"Imanaga, Shota",684007,2025,144.2,567,117,20.6,4.6,3.73,11.6,43.5,24.6,53.8
"Law, Derek",571882,2024,90,365,76,20.8,6.6,2.6,3.8,35.2,28.6,49.9
"Verlander, Justin",434378,2024,90.1,396,74,18.7,6.8,5.48,6.9,32.5,21.3,48.7
"Kaprielian, James",621076,2021,119.1,502,123,24.5,8.2,4.07,9.4,42.3,27.2,45.7
"Senzatela, Antonio",622608,2025,130,618,73,11.8,7.6,6.65,9.3,46,18.1,46.7
"Ohtani, Shohei",660271,2022,166,660,219,33.2,6.7,2.33,6.4,33.2,33.1,49
"Suarez, Ranger",624133,2023,125,540,119,22,8.9,4.18,7.5,36.1,23.1,45
"Detmers, Reid",672282,2024,87.1,391,109,27.9,9.7,6.7,10.7,39.3,29.2,48.9
"Richards, Garrett",572070,2021,136.2,617,115,18.6,9.7,4.87,8.5,47.8,22.5,48.9
"Gray, Sonny",543243,2022,119.2,488,117,24,7.4,3.08,5.5,39.8,22.1,43.4
"Young, Alex",622065,2019,83.1,349,71,20.3,7.7,3.56,7.7,35.6,27.4,47.8
"Gray, Sonny",543243,2025,180.2,753,201,26.7,5,4.28,9.8,40.7,27.5,47.4
"Falter, Bailey",663559,2022,84,349,74,21.2,4.9,3.86,8.4,38.5,24,48.6
"Myers, Tobias",668964,2024,138,569,127,22.3,6.3,3,8,38.7,21.3,49.6
"Houser, Adrian",605288,2019,111.1,462,117,25.3,8,3.72,5.4,35.3,24.4,44.7
"Anderson, Tyler",542881,2025,136.1,599,104,17.4,9.5,4.56,11,36.6,25,49
"Steele, Justin",657006,2022,119,512,126,24.6,9.8,3.18,3.9,33.7,24,47.3
"Rodón, Carlos",607074,2024,175,736,195,26.5,7.7,3.96,11,40.9,30.1,49.4
"Strider, Spencer",675911,2025,125.1,539,131,24.3,9.5,4.45,10.6,42.7,30.6,47.6
"Lawrence, Justin",664875,2023,75,326,78,23.9,11,3.72,5.4,39,24.1,41.7
"Strahm, Matt",621381,2019,114.2,487,118,24.2,4.5,4.71,10.5,40,23.3,50.8
"Weaver, Luke",596133,2023,123.2,563,109,19.4,7.1,6.4,9.8,42,21.6,47.3
"Márquez, Germán",608566,2020,81.2,344,73,21.2,7.3,3.75,4.9,40.2,26.3,49
"Fedde, Erick",607200,2022,127,573,94,16.4,10.1,5.81,8.1,43.5,18.4,43
"Peterson, David",656849,2022,105.2,454,126,27.8,10.6,3.83,7.7,41.4,30.4,44.6
"Hader, Josh",623352,2019,75.2,289,138,47.8,6.9,2.62,16.2,42,41.8,59
"Stratton, Chris",608717,2023,82.2,338,81,24,7.4,3.92,8.3,39.1,22,47.5
"Hernández, Elieser",622694,2019,82.1,353,85,24.1,7.4,5.03,10,31.8,25.2,48.8
"Ryan, Joe",657746,2025,171,689,194,28.2,5.7,3.42,11.5,41.9,26.1,49.7
"Irvin, Jake",663623,2023,121,530,99,18.7,10.2,4.61,10.3,39.6,17.9,43.7
"Carrasco, Carlos",471911,2023,90,417,66,15.8,9.1,6.8,10.7,48.2,24.7,46.9
"McClanahan, Shane",663556,2021,123.1,517,141,27.3,7.2,3.43,10.7,45.7,32.1,50.2
"Ray, Robbie",592662,2021,193.1,773,248,32.1,6.7,2.84,9.9,43.1,32.3,52
"Kikuchi, Yusei",579328,2024,175.2,736,206,28,6,4.05,9.7,45,29,48.4
"Schwellenbach, Spencer",680885,2024,123.2,500,127,25.4,4.6,3.35,5,39.8,27.4,53.1
"Stratton, Chris",608717,2021,79.1,337,86,25.5,9.8,3.63,7,36.9,28.3,47.3
"Rodriguez, Eduardo",593958,2019,203.1,859,213,24.8,8.7,3.81,6.5,29.4,27.4,46.4
"Jones, Jared",683003,2024,121.2,504,132,26.2,7.7,4.14,9.8,44.5,30.2,51.6
"Gibaut, Ian",664139,2023,75.2,318,69,21.7,8.8,3.33,6,31.9,25.5,51.7
"Lynn, Lance",458681,2022,121.2,512,124,24.2,3.7,3.99,6.7,38.7,28.5,52.3
"Senzatela, Antonio",622608,2022,92.1,413,54,13.1,5.6,5.07,4.5,41.4,16.3,47.5
"Nelson, Ryne",669194,2024,150.2,630,126,20,5.4,4.24,7.5,41.6,18.2,51.8
"Hamels, Cole",430935,2019,141.2,617,143,23.2,9.1,3.81,8.3,41.3,27.4,47.3
"Oviedo, Johan",670912,2023,177.2,781,158,20.2,10.6,4.31,7.6,40.2,26,46.5
"Valdez, Framber",664285,2021,134.2,572,125,21.9,10.1,3.14,5.9,44.4,26.3,42.4
"Flexen, Chris",623167,2023,102.1,466,74,15.9,8.2,6.86,9.4,41.4,22.3,48
"Rodón, Carlos",607074,2025,195.1,789,203,25.7,9.3,3.09,7.6,38.9,30.3,45.5
"Ureña, José",570632,2022,97,432,63,14.6,10,5.01,6.8,38.5,19.5,46.7
"Gibson, Kyle",502043,2023,192,807,157,19.5,6.8,4.73,7.6,44.5,25.4,45.6
"Scherzer, Max",453286,2025,85,358,82,22.9,6.4,5.19,12.4,38.2,23.6,50.1
"Vásquez, Randy",681190,2025,133.2,570,78,13.7,9.1,3.84,10.9,39.3,15.7,46.4
"Germán, Domingo",593334,2019,143,594,153,25.8,6.6,4.03,9.7,40.1,28.2,49.5
"Crawford, Kutter",676710,2024,183.2,759,175,23.1,6.7,4.36,9.9,36.3,25.3,52
"Soroka, Michael",647336,2025,89.2,379,95,25.1,7.7,4.52,6.7,40.4,23.7,45.5
"López, Pablo",641154,2024,185.1,772,198,25.6,5.3,4.08,8.2,37.5,27,51.8
"Skaggs, Tyler",572140,2019,79.2,335,78,23.3,8.4,4.29,6.9,33.9,21.5,46.3
"Kremer, Dean",665152,2023,172.2,735,157,21.4,7.5,4.12,8.9,40.3,24,47.7
"Chatwood, Tyler",543022,2019,76.2,324,74,22.8,11.4,3.76,3.1,35.6,25.3,42.7
"Evans, Logan",688138,2025,81.1,350,59,16.9,8.9,4.32,10.5,42.6,19.4,45
"Pivetta, Nick",601713,2025,181.2,721,190,26.4,6.9,2.87,10.9,45,24.6,47.7
"McKenzie, Triston",663474,2024,75.2,340,74,21.8,14.4,5.11,13.1,41.9,23.1,42.5
"López, Reynaldo",625643,2024,135.2,543,148,27.3,7.7,1.99,8.8,42.2,27.5,49
"Watkins, Spenser",657093,2022,105.1,459,63,13.7,6.5,4.7,7.2,37.6,19.7,47.6
"Voth, Austin",608723,2022,101.2,442,90,20.4,7,4.34,8.5,37.2,24.6,47.9
"Scherzer, Max",453286,2022,145.1,565,173,30.6,4.2,2.29,8.5,33.9,30.6,52.2
"Patiño, Luis",672715,2021,77.1,333,74,22.2,8.7,4.31,8.4,40.5,25.4,51.1
"Peña, Félix",570240,2019,96.1,407,101,24.8,8.4,4.58,7.3,37.6,29.4,45
"Strider, Spencer",675911,2023,186.2,763,281,36.8,7.6,3.86,8.2,36.1,38.6,53
"Bieber, Shane",669456,2023,128,533,107,20.1,6.4,3.8,7.8,47.8,24.3,46.1
"Pepiot, Ryan",686752,2025,167.2,679,167,24.6,9,3.86,9.7,42.5,26,50.1
"Roark, Tanner",543699,2019,165.1,722,158,21.9,7.1,4.35,9.2,37.3,21.1,45.9
"Olson, Reese",681857,2023,103.2,422,103,24.4,7.8,3.99,10.9,42.8,27.4,46.3
"Morton, Charlie",450203,2021,185.2,756,216,28.6,7.7,3.34,5,32.5,29.1,46
"Nola, Aaron",605400,2022,205,807,235,29.1,3.6,3.25,7.1,31.6,27.9,49.5
"Burke, Sean",680732,2025,134.1,596,133,22.3,10.6,4.22,10.5,42.7,25.1,46.9
"Darvish, Yu",506433,2020,76,297,93,31.3,4.7,2.01,6.5,34.2,32.1,49.7
"Greene, Hunter",668881,2024,150.1,611,169,27.7,9.3,2.75,5.2,32.5,29.7,50.6
"Pérez, Martín",527048,2021,114,509,97,19.1,7.1,4.74,9.3,42.2,19.3,46
"Pivetta, Nick",601713,2019,93.2,421,89,21.1,9.3,5.38,11.1,34.9,24.4,46.1
"Sampson, Adrian",592716,2019,125.1,563,101,17.9,6.4,5.89,10.9,47.2,21.4,49.5
"Hendricks, Kyle",543294,2023,137,578,93,16.1,4.7,3.74,6.2,31.5,21.1,46.7
"Kelly, Merrill",518876,2022,200.1,804,177,22,7.6,3.37,8.4,36.5,23.6,48.5
"Heasley, Jonathan",669169,2022,104,465,70,15.1,10.1,5.28,9.4,45.3,19.3,46
"Pepiot, Ryan",686752,2024,130,539,142,26.3,8.9,3.6,9.1,37.2,29.9,48
"Matz, Steven",571927,2025,76.2,309,59,19.1,3.6,3.05,6.4,40.5,18.8,48.6
"Smith, Shane",681343,2025,146.1,616,145,23.5,9.4,3.81,6.8,45.4,27.7,48.3
"Imanaga, Shota",684007,2024,173.1,694,174,25.1,4,2.91,8.6,39.3,28.3,55.7
"Pfaadt, Brandon",694297,2023,96,421,94,22.3,6.2,5.72,11.7,44,25,49.3
"Hancock, Emerson",676106,2025,90,385,64,16.6,8.1,4.9,7.7,42.5,20.3,49.6
"Gallen, Zac",668678,2022,184,714,192,26.9,6.6,2.54,7.8,36.1,23,47.4
"Carrasco, Carlos",471911,2019,80,341,96,28.2,4.7,5.29,13.8,45.8,31.1,51.7
"Hendricks, Kyle",543294,2025,164.2,695,114,16.4,6.2,4.76,8.3,34.3,18.3,48
"Bubic, Kris",663460,2022,129,587,110,18.7,10.7,5.58,7.8,44.9,21.3,47
"Ober, Bailey",641927,2025,146.1,624,120,19.2,5,5.1,10.9,39.1,24.1,51.7
"Wainwright, Adam",425794,2019,171.2,745,153,20.5,8.6,4.19,7.1,39.2,19.5,42.4
"Stripling, Ross",548389,2024,85.1,381,49,12.9,5.8,6.01,6.8,35.3,16.9,47.9
"Holland, Derek",502706,2019,84.1,376,82,21.8,12,6.08,13.8,42.1,26.9,45.5
"Hendricks, Kyle",543294,2024,130.2,567,87,15.3,7.6,5.92,7.4,33.4,18.9,46.2
"Hudson, Dakota",641712,2019,174.2,757,136,18,11.4,3.35,7.5,38.8,23.7,44.2
"Spence, Mitch",687765,2024,151.1,651,126,19.4,6.8,4.58,8.4,41.7,22.5,50.6
"Germán, Domingo",593334,2021,98.1,410,98,23.9,6.6,4.58,7.8,39.2,30.2,50.3
"Berríos, José",621244,2025,166,698,138,19.8,8,4.17,11.3,42.5,22,46.1
"Rasmussen, Drew",656876,2025,150,585,127,21.7,6.3,2.76,6.3,43.3,22.2,48.6
"Ashcraft, Graham",668933,2022,105,464,71,15.3,6.5,4.89,4.8,36.3,18.6,49.4
"Webb, Logan",657277,2025,207,856,224,26.2,5.4,3.22,8.3,40.2,24.7,46.2
"Crawford, Kutter",676710,2022,77.1,334,77,23.1,8.7,5.47,8.8,38.9,25.6,47.7
"Taillon, Jameson",592791,2025,129.2,519,98,18.9,5.2,3.68,8.1,38.3,20.8,48.5
"Freeland, Kyle",607536,2019,104.1,472,79,16.7,8.1,6.73,9.6,40.1,21.2,48.4
"Carrasco, Carlos",471911,2022,152,645,152,23.6,6.4,3.97,7.1,39.5,27.7,52.1
"Houck, Tanner",656557,2023,106,463,99,21.4,8.9,5.01,6.6,43.8,28.8,47.3
"Walden, Marcus",519393,2019,78,327,76,23.2,9.8,3.81,3.1,36,29.6,48.8
"Woodruff, Brandon",605540,2022,153.1,620,190,30.6,6.8,3.05,7.1,37.5,31.1,49.4
"Sale, Chris",519242,2023,102.2,425,125,29.4,6.8,4.3,8.4,34.6,29.7,48.1
"Gallen, Zac",668678,2024,148,621,156,25.1,8.7,3.65,7.4,41,26,44.2
"Eflin, Zach",621107,2024,165.1,684,134,19.6,3.5,3.59,7.5,36.1,21.6,50
"Keller, Mitch",656605,2024,178,773,166,21.5,6.5,4.25,7.2,39.3,21.5,47.6
"Lyles, Jordan",543475,2023,177.2,748,120,16,6,6.28,9.9,35.5,20.1,48.1
"Rogers, Tyler",643511,2022,75.2,319,49,15.4,7.2,3.57,3.8,32.8,19.5,44.8
"Plutko, Adam",592644,2019,109.1,462,78,16.9,5.6,4.86,8.3,32.8,18.8,49.4
"Keller, Brad",641745,2019,165.1,709,122,17.2,9.9,4.19,6.4,38.6,19.9,46
"Povich, Cade",700249,2025,112.1,488,118,24.2,8.8,5.21,11.3,46.9,24.2,44.9
"Peacock, Brad",502748,2019,91.2,383,96,25.1,8.1,4.12,8.5,41.4,21.7,43
"Pivetta, Nick",601713,2022,179.2,773,175,22.6,9.4,4.56,9.1,45.6,23.5,47.6
"Detmers, Reid",672282,2022,129,539,122,22.6,8.5,3.77,8,38.6,25.5,48.3
